encoder,display_name,seed,participant_id,horizon_min,fed_cgm_time_rmse,fed_multimodal_rmse,delta_rmse,fed_cgm_time_mae,fed_multimodal_mae,delta_mae
resnet18,ResNet18,7,CGMacros-008,15,11.15286468609188,11.130144578513978,-0.02272010757790177,7.560261005235356,7.561467228607973,0.00120622337261711
resnet18,ResNet18,7,CGMacros-008,30,17.63428809237882,17.569751193388235,-0.06453689899058546,11.58690719299868,11.570637279399444,-0.016269913599236574
resnet18,ResNet18,7,CGMacros-008,60,25.44952804928005,25.51512033370355,0.06559228442349863,17.25980404578141,17.16584541073916,-0.09395863504225233
resnet18,ResNet18,7,CGMacros-008,90,29.774376840293538,30.346072137186006,0.571695296892468,21.740706880600513,21.903427719342005,0.16272083874149246
resnet18,ResNet18,7,CGMacros-008,120,31.12933620617435,32.16851719638977,1.0391809902154208,23.671248700653926,24.0591500336122,0.38790133295827545
resnet18,ResNet18,7,CGMacros-014,15,9.297347648534902,9.306400674148062,0.009053025613159349,6.33814470665101,6.341792617388455,0.0036479107374445263
resnet18,ResNet18,7,CGMacros-014,30,15.784362230506623,15.826080444257263,0.04171821375063978,10.514814336106832,10.505179130849497,-0.009635205257335855
resnet18,ResNet18,7,CGMacros-014,60,23.329561647959135,23.25246347921938,-0.07709816873975583,15.6930569751615,15.576557108084563,-0.11649986707693749
resnet18,ResNet18,7,CGMacros-014,90,26.49820870604136,26.131663362924225,-0.36654534311713505,18.02124519852497,17.691140817797688,-0.3301043807272812
resnet18,ResNet18,7,CGMacros-014,120,27.310064030258303,26.777276933060325,-0.5327870971979785,18.997318172423643,18.468088547965905,-0.5292296244577379
resnet18,ResNet18,7,CGMacros-019,15,8.8486141913375,8.85678949537636,0.008175304038859466,6.152094756378168,6.163117790320327,0.011023033942159088
resnet18,ResNet18,7,CGMacros-019,30,14.353955045124298,14.423736612204353,0.06978156708005478,9.982827905125767,10.04242956497609,0.05960165985032262
resnet18,ResNet18,7,CGMacros-019,60,17.407517534289067,17.850383536033426,0.44286600174435975,11.877843963091518,12.445791411030076,0.5679474479385576
resnet18,ResNet18,7,CGMacros-019,90,18.20789442391187,18.81933629555046,0.6114418716385899,12.334259396808783,13.02817659104177,0.6939171942329878
resnet18,ResNet18,7,CGMacros-019,120,18.40552576945689,18.840548890879763,0.4350231214228728,12.795488583450458,13.302407717322646,0.5069191338721879
resnet18,ResNet18,7,CGMacros-020,15,11.456915664987873,11.456393256183173,-0.0005224088047004471,8.410850203281987,8.425959775508735,0.015109572226748469
resnet18,ResNet18,7,CGMacros-020,30,19.149844625712397,18.961490891291998,-0.18835373442039938,14.211228363543349,14.094723310519889,-0.11650505302345948
resnet18,ResNet18,7,CGMacros-020,60,29.102975796193522,28.423344421374132,-0.6796313748193903,21.671460918863872,21.31217909044868,-0.35928182841519174
resnet18,ResNet18,7,CGMacros-020,90,35.27286257588995,34.43815765511373,-0.8347049207762254,26.26976835113216,25.77253130083586,-0.4972370502963024
resnet18,ResNet18,7,CGMacros-020,120,39.12971509427097,38.33656409567444,-0.7931509985965306,29.35490292188926,28.973372766065783,-0.3815301558234765
resnet18,ResNet18,7,CGMacros-034,15,10.680785375874516,10.650515362325878,-0.030270013548637564,7.564509482269557,7.54963154009363,-0.014877942175926862
resnet18,ResNet18,7,CGMacros-034,30,15.72929801872241,15.827473590694746,0.09817557197233562,11.46888456010154,11.544611848986152,0.07572728888461278
resnet18,ResNet18,7,CGMacros-034,60,20.024033810552634,20.57036973557145,0.5463359250188162,16.266500173459008,16.56588445953114,0.29938428607213297
resnet18,ResNet18,7,CGMacros-034,90,23.161733031779658,24.02201927247398,0.8602862406943217,20.191325101783146,20.76965831970175,0.5783332179186047
resnet18,ResNet18,7,CGMacros-034,120,26.121964814350655,26.910262995196547,0.7882981808458922,23.167771818798272,23.853375541099958,0.6856037223016855
resnet18,ResNet18,7,CGMacros-039,15,19.4987050155585,19.401327783302847,-0.09737723225565276,14.056790536632773,14.041426867785834,-0.015363668846939404
resnet18,ResNet18,7,CGMacros-039,30,32.92655825808388,32.72238620447393,-0.20417205360995183,24.159619006861547,24.092995102253404,-0.06662390460814294
resnet18,ResNet18,7,CGMacros-039,60,56.46017969002505,56.04845026235279,-0.41172942767226317,41.54953991512522,41.39304038819403,-0.15649952693119218
resnet18,ResNet18,7,CGMacros-039,90,72.86470742679724,72.38668739652033,-0.47802003027690887,54.27940580150446,54.02543341542606,-0.2539723860784022
resnet18,ResNet18,7,CGMacros-039,120,83.26963273795323,82.86694635677647,-0.40268638117676403,63.42919084563497,63.094559613637735,-0.33463123199723555
resnet18,ResNet18,14,CGMacros-008,15,11.286222010937209,11.263758831178729,-0.022463179758480223,7.7016214930372735,7.689733064203495,-0.011888428833778164
resnet18,ResNet18,14,CGMacros-008,30,17.568177484670738,17.489856910794817,-0.07832057387592073,11.522561419093586,11.502780906123405,-0.019780512970180908
resnet18,ResNet18,14,CGMacros-008,60,25.488290920853327,25.304271378163666,-0.18401954268966136,16.97274272206055,16.872551217433028,-0.1001915046275208
resnet18,ResNet18,14,CGMacros-008,90,29.475927755575736,29.290394982827042,-0.18553277274869373,20.778354023620604,20.6084258781513,-0.1699281454693029
resnet18,ResNet18,14,CGMacros-008,120,30.784850698530462,30.73181693404186,-0.0530337644886032,22.475435459824208,22.305937794105795,-0.16949766571841351
resnet18,ResNet18,14,CGMacros-014,15,9.527603295578285,9.525768239670155,-0.0018350559081294904,6.663547880952849,6.65631424767615,-0.007233633276698903
resnet18,ResNet18,14,CGMacros-014,30,15.967414740969993,15.929517311404416,-0.03789742956557696,10.805789663797562,10.791566370519147,-0.014223293278414317
resnet18,ResNet18,14,CGMacros-014,60,23.80972692002384,23.529220546542106,-0.28050637348173524,16.08114450104567,15.910159767768613,-0.17098473327705754
resnet18,ResNet18,14,CGMacros-014,90,27.091867644717777,26.43701286745092,-0.6548547772668556,18.331451925163858,17.88008708788272,-0.45136483728113674
resnet18,ResNet18,14,CGMacros-014,120,28.057841637128284,27.194296594469098,-0.8635450426591866,19.400220180209246,18.76878051314832,-0.6314396670609241
resnet18,ResNet18,14,CGMacros-019,15,8.926022428359746,8.922404492425386,-0.0036179359343595507,6.417336683601261,6.407440894062365,-0.009895789538895805
resnet18,ResNet18,14,CGMacros-019,30,14.211675855004005,14.185143486461637,-0.026532368542367735,10.036884494104557,10.031332449394162,-0.005552044710395165
resnet18,ResNet18,14,CGMacros-019,60,17.6179836560906,17.60883552721083,-0.009148128879772344,12.083090342582182,12.19371359150553,0.11062324892334807
resnet18,ResNet18,14,CGMacros-019,90,18.636314654424787,18.566571676440155,-0.0697429779846317,12.569441968244133,12.564336476958418,-0.005105491285714692
resnet18,ResNet18,14,CGMacros-019,120,18.819741649016812,18.655791195546637,-0.163950453470175,12.930597232114309,12.760632877678344,-0.16996435443596525
resnet18,ResNet18,14,CGMacros-020,15,11.950115789448708,11.965533859424644,0.015418069975936533,8.96622677596972,8.975813042632208,0.009586266662488185
resnet18,ResNet18,14,CGMacros-020,30,19.97409276627322,19.746895327174332,-0.22719743909888734,14.993465370070277,14.837969912448271,-0.15549545762200623
resnet18,ResNet18,14,CGMacros-020,60,29.518105212607303,29.053718883736504,-0.46438632887079834,22.1229856770137,21.865308130844934,-0.2576775461687646
resnet18,ResNet18,14,CGMacros-020,90,35.45604904643936,35.11899098054341,-0.33705806589595255,26.51717595186566,26.393594909987996,-0.12358104187766372
resnet18,ResNet18,14,CGMacros-020,120,39.22566043446753,38.965383874174755,-0.26027656029277324,29.57245931068824,29.55418440404457,-0.01827490664367204
resnet18,ResNet18,14,CGMacros-034,15,10.600006366144559,10.543377583183803,-0.056628782960755686,7.678179164043889,7.625510891057244,-0.05266827298664456
resnet18,ResNet18,14,CGMacros-034,30,15.042477784947605,15.177603630969209,0.13512584602160338,10.977307449075205,11.084620977175746,0.10731352810054062
resnet18,ResNet18,14,CGMacros-034,60,18.260893211639377,18.509750272177655,0.2488570605382776,14.728293890130796,14.932197019398298,0.20390312926750198
resnet18,ResNet18,14,CGMacros-034,90,20.63158325681404,20.831448847100614,0.19986559028657425,17.731630171297688,17.888136553214746,0.15650638191705823
resnet18,ResNet18,14,CGMacros-034,120,22.9372198044404,23.029305133979573,0.0920853295391737,20.0428749265638,20.162468239323726,0.11959331275992469
resnet18,ResNet18,14,CGMacros-039,15,19.670681464798115,19.647529180795953,-0.02315228400216185,14.362913640297851,14.373758388511796,0.010844748213944655
resnet18,ResNet18,14,CGMacros-039,30,33.23342760800217,33.05311239123274,-0.1803152167694293,24.912814700594947,24.76246940327485,-0.15034529732009716
resnet18,ResNet18,14,CGMacros-039,60,55.60475803214192,55.4846865022703,-0.12007152987162328,40.89007862022371,40.66762632623191,-0.22245229399180033
resnet18,ResNet18,14,CGMacros-039,90,71.26871152920198,71.41749956686209,0.14878803766011117,52.80265576567136,52.73955510620519,-0.06310065946617271
resnet18,ResNet18,14,CGMacros-039,120,81.22734656822169,81.47900000209354,0.25165343387185146,61.280326048335866,61.278909074943485,-0.0014169733923807826
resnet18,ResNet18,21,CGMacros-008,15,11.118271970709117,11.171546230236984,0.053274259527867684,7.561903312771586,7.639857183033728,0.07795387026214229
resnet18,ResNet18,21,CGMacros-008,30,17.537160490386245,17.598851863060247,0.0616913726740016,11.501398447182702,11.574507992775306,0.07310954559260452
resnet18,ResNet18,21,CGMacros-008,60,25.899591673718756,25.94315515459972,0.0435634808809624,17.666862061664606,17.698698121571695,0.031836059907089265
resnet18,ResNet18,21,CGMacros-008,90,30.40650903119514,30.429865162125004,0.02335613092986577,22.438863381246104,22.466868017152798,0.028004635906693665
resnet18,ResNet18,21,CGMacros-008,120,32.241799247192716,32.10414997026222,-0.137649276930496,25.032578539618523,24.94412426072643,-0.0884542788920939
resnet18,ResNet18,21,CGMacros-014,15,9.429654729953011,9.442165007935854,0.012510277982842766,6.596275384467724,6.640995463273092,0.044720078805368324
resnet18,ResNet18,21,CGMacros-014,30,15.799614356321843,15.834285644786718,0.03467128846487455,10.591708267655424,10.660367045344618,0.06865877768919404
resnet18,ResNet18,21,CGMacros-014,60,23.457956971277245,23.478119104176308,0.020162132899063323,15.740011040848415,15.769784923044993,0.029773882196577617
resnet18,ResNet18,21,CGMacros-014,90,26.745287059235306,26.714274122347987,-0.031012936887318432,18.282750594540953,18.283095543095456,0.0003449485545026221
resnet18,ResNet18,21,CGMacros-014,120,27.73634306315498,27.57111108258352,-0.16523198057145905,19.57385570226201,19.459317466118417,-0.11453823614359138
resnet18,ResNet18,21,CGMacros-019,15,9.070315007345256,9.188931453801455,0.1186164464561994,6.555788760483042,6.680653377084918,0.12486461660187675
resnet18,ResNet18,21,CGMacros-019,30,14.310520188950017,14.447309784060337,0.1367895951103204,10.036419806762574,10.16630857553854,0.12988876877596667
resnet18,ResNet18,21,CGMacros-019,60,17.455208756006886,17.505650531706888,0.0504417757000013,11.816921508559528,11.875760090996735,0.05883858243720752
resnet18,ResNet18,21,CGMacros-019,90,18.269483322717896,18.246148545213174,-0.023334777504722126,12.467311113793155,12.455871683980357,-0.011439429812797997
resnet18,ResNet18,21,CGMacros-019,120,18.32018842990674,18.216243882006008,-0.10394454790073127,13.137132316842974,13.054792132839077,-0.08234018400389687
resnet18,ResNet18,21,CGMacros-020,15,11.984101066020802,11.74332700910594,-0.2407740569148622,8.962581606526387,8.76248329058746,-0.20009831593892713
resnet18,ResNet18,21,CGMacros-020,30,19.503709549849486,19.29845270512758,-0.2052568447219052,14.511132644410878,14.350276911182803,-0.16085573322807534
resnet18,ResNet18,21,CGMacros-020,60,28.63566319158373,28.533638697080566,-0.10202449450316564,21.305619465518337,21.243671125345053,-0.06194834017328432
resnet18,ResNet18,21,CGMacros-020,90,34.17011917737324,34.1013718496527,-0.06874732772053704,25.388123128479204,25.35443461511138,-0.03368851336782441
resnet18,ResNet18,21,CGMacros-020,120,37.37931950999663,37.400967953796076,0.021648443799449524,27.962869112941558,27.99416672775184,0.03129761481028126
resnet18,ResNet18,21,CGMacros-034,15,10.400833497990684,10.917214155637618,0.5163806576469341,7.408141350377385,7.783513486965506,0.37537213658812085
resnet18,ResNet18,21,CGMacros-034,30,15.599516679614371,16.019188648881546,0.4196719692671742,11.336189291025248,11.625101630056646,0.28891233903139835
resnet18,ResNet18,21,CGMacros-034,60,20.177855954599906,20.310024210046116,0.13216825544621003,16.507672834436313,16.61056409761294,0.10289126317662678
resnet18,ResNet18,21,CGMacros-034,90,23.71772092718857,23.743991304520623,0.02627037733205384,20.702750177519572,20.745348260308102,0.04259808278852972
resnet18,ResNet18,21,CGMacros-034,120,27.178775177802823,26.98483042277088,-0.19394475503194286,24.24449981579259,24.077279322879892,-0.1672204929126977
resnet18,ResNet18,21,CGMacros-039,15,19.73741600497389,19.118157111187482,-0.6192588937864087,14.66533930891913,14.25311250314898,-0.4122268057701497
resnet18,ResNet18,21,CGMacros-039,30,32.98690716216183,32.553753549976065,-0.4331536121857624,24.458169203992778,24.177971629646784,-0.2801975743459941
resnet18,ResNet18,21,CGMacros-039,60,55.27214834335682,55.16039947801334,-0.11174886534347905,40.37289226835158,40.284422357920725,-0.0884699104308524
resnet18,ResNet18,21,CGMacros-039,90,70.60782686108084,70.621566799566,0.013739938485159087,51.87565491613234,51.86344111013749,-0.012213805994853999
resnet18,ResNet18,21,CGMacros-039,120,80.10856537644896,80.31977540747766,0.21121003102869906,59.878056765835,60.05404918214355,0.1759924163085529
resnet18,ResNet18,28,CGMacros-008,15,11.38508648665354,11.298112399075869,-0.086974087577671,7.735356054591807,7.660165147435369,-0.07519090715643806
resnet18,ResNet18,28,CGMacros-008,30,18.109922571084407,17.892858222600438,-0.21706434848396938,11.942148496349395,11.780894375733336,-0.16125412061605893
resnet18,ResNet18,28,CGMacros-008,60,26.360331409402594,25.891347189136624,-0.46898422026596975,18.266781526809925,17.828667656766385,-0.43811387004354074
resnet18,ResNet18,28,CGMacros-008,90,30.682689730428034,30.171877115407145,-0.5108126150208889,23.015891380780058,22.447782761199267,-0.5681086195807907
resnet18,ResNet18,28,CGMacros-008,120,32.038218759909554,31.609413709925974,-0.4288050499835805,24.958539309745266,24.389624874563975,-0.5689144351812914
resnet18,ResNet18,28,CGMacros-014,15,9.390003383074518,9.380242301157866,-0.009761081916652259,6.317200470433649,6.253249082113595,-0.06395138832005376
resnet18,ResNet18,28,CGMacros-014,30,16.01700797291863,16.070884456886777,0.05387648396814626,10.440081635601231,10.34574373766261,-0.09433789793862069
resnet18,ResNet18,28,CGMacros-014,60,23.795216840213662,23.63948484918138,-0.1557319910322832,16.04017829092127,15.587058891170221,-0.4531193997510474
resnet18,ResNet18,28,CGMacros-014,90,26.936718411985282,26.387554053106918,-0.5491643588783646,18.596553686753335,17.92096342655826,-0.6755902601950758
resnet18,ResNet18,28,CGMacros-014,120,27.795882469571,27.0240155112508,-0.7718669583202029,19.700496450900204,18.909912249556637,-0.7905842013435667
resnet18,ResNet18,28,CGMacros-019,15,8.763900634328404,8.68220742795698,-0.08169320637142441,5.9471210732611635,5.831848540085126,-0.11527253317603758
resnet18,ResNet18,28,CGMacros-019,30,14.243569917719544,14.183970680372136,-0.05959923734740791,9.553582123550392,9.448597340614212,-0.10498478293617985
resnet18,ResNet18,28,CGMacros-019,60,17.330459014807484,17.4244018184788,0.09394280367131458,11.653005235507331,11.789487242835367,0.13648200732803595
resnet18,ResNet18,28,CGMacros-019,90,18.173084200932067,18.341288011122455,0.16820381019038777,12.645522609697501,12.854159257925808,0.20863664822830685
resnet18,ResNet18,28,CGMacros-019,120,18.342642507212954,18.48906327195756,0.14642076474460453,13.285476088282573,13.337580916508264,0.052104828225690625
resnet18,ResNet18,28,CGMacros-020,15,11.139738074654973,11.375220718195617,0.23548264354064408,8.081358893429762,8.28720000140992,0.20584110798015764
resnet18,ResNet18,28,CGMacros-020,30,18.527317598249514,18.891392328569474,0.3640747303199596,13.519033122408961,13.800472270547248,0.2814391481382863
resnet18,ResNet18,28,CGMacros-020,60,27.812376973298544,28.276237988344533,0.463861015045989,20.610254635533302,20.912478567128232,0.30222393159493066
resnet18,ResNet18,28,CGMacros-020,90,33.45303812303512,33.96309287235498,0.5100547493198562,24.792837749920853,25.206702908209575,0.41386515828872206
resnet18,ResNet18,28,CGMacros-020,120,37.033913047157384,37.41559590108591,0.38168285392852397,27.605989107965488,28.02804192408299,0.4220528161175032
resnet18,ResNet18,28,CGMacros-034,15,11.007456987099975,10.64719942573806,-0.3602575613619141,7.91273669362672,7.6027286509066485,-0.31000804272007176
resnet18,ResNet18,28,CGMacros-034,30,16.027791632380026,15.440878623814797,-0.5869130085652294,11.882709842472549,11.41846086177375,-0.46424898069879816
resnet18,ResNet18,28,CGMacros-034,60,20.555210220110034,19.618250736177732,-0.9369594839323021,16.958327097564645,16.065770997444634,-0.8925561001200109
resnet18,ResNet18,28,CGMacros-034,90,24.065262548492363,23.18541304963872,-0.8798494988536447,21.099847794889914,20.047243835934466,-1.052603958955448
resnet18,ResNet18,28,CGMacros-034,120,26.558605768155847,25.872080086689056,-0.6865256814667902,23.582134281344977,22.69247658454412,-0.8896576968008567
resnet18,ResNet18,28,CGMacros-039,15,18.262412476516953,18.621022168141973,0.3586096916250199,12.968064311523076,13.23311069162118,0.265046380098104
resnet18,ResNet18,28,CGMacros-039,30,31.19050681491105,31.811257646803995,0.6207508318929449,21.928027401260106,22.37397125990396,0.44594385864385444
resnet18,ResNet18,28,CGMacros-039,60,54.05902201403407,55.211273559213055,1.1522515451789843,38.12733165131827,38.94101744690241,0.813685795584135
resnet18,ResNet18,28,CGMacros-039,90,69.88590689926505,71.21387325842876,1.3279663591637103,50.37848706176441,51.3843505322896,1.0058634705251919
resnet18,ResNet18,28,CGMacros-039,120,80.58755313644028,81.75854702301386,1.1709938865735836,59.82092406148247,60.67516991963125,0.8542458581487793
resnet18,ResNet18,35,CGMacros-008,15,11.34591269965949,11.38067633559601,0.0347636359365211,7.696754411517818,7.733475512575886,0.036721101058067696
resnet18,ResNet18,35,CGMacros-008,30,17.7062517918024,17.73271887915875,0.026467087356348173,11.620369429175575,11.689495675147704,0.06912624597212869
resnet18,ResNet18,35,CGMacros-008,60,25.683297406902692,25.834966910596723,0.15166950369403054,17.188094777812022,17.26664669527855,0.07855191746652679
resnet18,ResNet18,35,CGMacros-008,90,29.554531181481668,29.79783202045252,0.2433008389708533,20.936035245640042,21.027663148466015,0.091627902825973
resnet18,ResNet18,35,CGMacros-008,120,30.705305019908714,31.08702817771325,0.3817231578045366,22.487487452996472,22.629337779152003,0.14185032615553084
resnet18,ResNet18,35,CGMacros-014,15,9.51588614274447,9.525176411417284,0.009290268672813795,6.56461810537938,6.590461247407552,0.025843142028171506
resnet18,ResNet18,35,CGMacros-014,30,16.001688279704855,16.030370558879728,0.028682279174873315,10.65227167755056,10.746635830739374,0.0943641531888133
resnet18,ResNet18,35,CGMacros-014,60,23.819180140270785,23.861054628359813,0.041874488089028716,15.968823452295048,16.08948081868673,0.12065736639168279
resnet18,ResNet18,35,CGMacros-014,90,27.091330943168348,26.96010965541836,-0.13122128774998743,18.364690000545217,18.30222391984344,-0.06246608070177828
resnet18,ResNet18,35,CGMacros-014,120,28.047662086710734,27.765551213287303,-0.2821108734234308,19.406296076341466,19.20059716990617,-0.20569890643529476
resnet18,ResNet18,35,CGMacros-019,15,8.97943547120162,9.060717985655108,0.08128251445348766,6.360968991960005,6.410966226195882,0.04999723423587632
resnet18,ResNet18,35,CGMacros-019,30,14.123250307253974,14.219339132751866,0.09608882549789222,9.793376102097875,9.880102936627681,0.08672683452980579
resnet18,ResNet18,35,CGMacros-019,60,17.346642677937005,17.444808736499315,0.09816605856230964,11.771279588554595,11.936567597234308,0.16528800867971327
resnet18,ResNet18,35,CGMacros-019,90,18.415835171735427,18.40387153053231,-0.011963641203116993,12.369668813004335,12.392823187056447,0.023154374052111848
resnet18,ResNet18,35,CGMacros-019,120,18.663069859221217,18.52410797914874,-0.13896188007247545,12.816737027096035,12.676804268644393,-0.13993275845164277
resnet18,ResNet18,35,CGMacros-020,15,11.731352131566075,11.761144502060098,0.0297923704940235,8.690942133985729,8.719613261843547,0.02867112785781778
resnet18,ResNet18,35,CGMacros-020,30,19.682833960188315,19.446608959439512,-0.23622500074880293,14.672643942402336,14.500855831943579,-0.17178811045875797
resnet18,ResNet18,35,CGMacros-020,60,29.568182742394203,29.13923482002322,-0.428947922370984,22.132436031574063,21.926635532471273,-0.2058004991027893
resnet18,ResNet18,35,CGMacros-020,90,35.25833432475578,34.93898631796789,-0.3193480067878909,26.379625365938644,26.19169961633778,-0.18792574960086483
resnet18,ResNet18,35,CGMacros-020,120,39.2841877678531,39.008015379322266,-0.27617238853083137,29.57668610115133,29.512344485191747,-0.06434161595958443
resnet18,ResNet18,35,CGMacros-034,15,10.645125706566837,10.776024271780411,0.1308985652135739,7.6419290584138855,7.721366566028514,0.07943750761462809
resnet18,ResNet18,35,CGMacros-034,30,15.406085120109948,15.818026893227366,0.41194177311741775,11.461672603276803,11.729053023850545,0.26738042057374223
resnet18,ResNet18,35,CGMacros-034,60,18.737111203638534,19.1150304676429,0.3779192640043654,15.20991060578904,15.468491584166213,0.2585809783771733
resnet18,ResNet18,35,CGMacros-034,90,21.005832817432797,21.141202048101643,0.13536923066884654,18.055559291119852,18.206803071669967,0.15124378055011434
resnet18,ResNet18,35,CGMacros-034,120,22.981254127610267,23.013751297366195,0.03249716975592776,20.10540447326353,20.210112988802273,0.10470851553874283
resnet18,ResNet18,35,CGMacros-039,15,19.00582557318997,18.682025069246887,-0.32380050394308313,13.736927353627324,13.632213512137358,-0.10471384148996599
resnet18,ResNet18,35,CGMacros-039,30,32.33785421907267,31.74910232911996,-0.5887518899527073,23.522931963183783,23.2447358981837,-0.27819606500008476
resnet18,ResNet18,35,CGMacros-039,60,55.59141654479851,55.06983410795242,-0.5215824368460957,40.32299286437847,39.945255716294525,-0.3777371480839449
resnet18,ResNet18,35,CGMacros-039,90,70.50394717705797,70.28294280298815,-0.2210043740698211,51.5159928068131,51.253624978157056,-0.26236782865604624
resnet18,ResNet18,35,CGMacros-039,120,81.2431827127971,81.1302380065131,-0.11294470628399722,61.04681187507125,60.80412815749686,-0.242683717574387
resnet18,ResNet18,42,CGMacros-008,15,11.347090123897502,11.283782930063362,-0.06330719383413985,7.821646655255215,7.792936763830136,-0.028709891425078737
resnet18,ResNet18,42,CGMacros-008,30,17.636679083802147,17.448989093010063,-0.1876899907920837,11.649235959409332,11.556817718176802,-0.0924182412325294
resnet18,ResNet18,42,CGMacros-008,60,25.498154991083297,25.026477177724445,-0.47167781335885195,17.488225210113285,17.12534520254162,-0.3628800075716647
resnet18,ResNet18,42,CGMacros-008,90,29.79105670485179,29.265569025493633,-0.5254876793581573,21.89424671158606,21.462187828516207,-0.4320588830698533
resnet18,ResNet18,42,CGMacros-008,120,31.353554219059042,30.944484050481016,-0.409070168578026,23.921820782962953,23.490210488767794,-0.43161029419515984
resnet18,ResNet18,42,CGMacros-014,15,9.492705883581433,9.509524386724546,0.016818503143113617,6.623845748500938,6.604289948175731,-0.01955580032520654
resnet18,ResNet18,42,CGMacros-014,30,15.726316602884149,15.76980852816951,0.04349192528536072,10.473817304782099,10.415252967368984,-0.05856433741311484
resnet18,ResNet18,42,CGMacros-014,60,23.304016574051317,23.014337153638124,-0.2896794204131936,15.674801161095377,15.27119563133674,-0.4036055297586376
resnet18,ResNet18,42,CGMacros-014,90,26.610109201067754,25.79488872709551,-0.8152204739722428,18.147764851380217,17.38970427577503,-0.7580605756051852
resnet18,ResNet18,42,CGMacros-014,120,27.67138759489115,26.54710712872064,-1.1242804661705108,19.332864423287152,18.34320292433925,-0.9896614989479033
resnet18,ResNet18,42,CGMacros-019,15,8.818065131065143,8.833926905982276,0.015861774917132365,6.312089888429331,6.329883777818392,0.017793889389060347
resnet18,ResNet18,42,CGMacros-019,30,13.997690176275983,14.015102162676264,0.01741198640028152,9.612541997082491,9.60071877266073,-0.01182322442176087
resnet18,ResNet18,42,CGMacros-019,60,17.158484789199406,17.24713048055167,0.08864569135226574,11.570692460560412,11.74092125887957,0.17022879831915816
resnet18,ResNet18,42,CGMacros-019,90,18.091243419121422,18.22963723166251,0.1383938125410893,12.38584127179833,12.521599777321292,0.13575850552296131
resnet18,ResNet18,42,CGMacros-019,120,18.33507504255119,18.42009731619289,0.08502227364170167,13.122105224147234,13.176796931233596,0.05469170708636284
resnet18,ResNet18,42,CGMacros-020,15,11.909863033417931,12.003744125976226,0.09388109255829491,8.931519462692686,9.013180824549138,0.08166136185645279
resnet18,ResNet18,42,CGMacros-020,30,19.460064200153916,19.54126294852811,0.08119874837419516,14.41604171429012,14.507663118812387,0.0916214045222663
resnet18,ResNet18,42,CGMacros-020,60,28.860932547018578,28.94997493474189,0.08904238772331041,21.390165751778213,21.52716289907592,0.13699714729770562
resnet18,ResNet18,42,CGMacros-020,90,34.13853910292971,34.34491763525899,0.20637853232927483,25.270304481206015,25.57391587868844,0.30361139748242394
resnet18,ResNet18,42,CGMacros-020,120,37.67598471461014,37.86364306800428,0.1876583533941414,28.110290704848037,28.51737556876166,0.4070848639136244
resnet18,ResNet18,42,CGMacros-034,15,10.946217262934997,10.771874845598623,-0.17434241733637457,8.038136453404935,7.88395647161932,-0.15417998178561465
resnet18,ResNet18,42,CGMacros-034,30,15.697487069398454,15.342661068022343,-0.35482600137611087,11.639313777527109,11.401308079756626,-0.23800569777048253
resnet18,ResNet18,42,CGMacros-034,60,19.855751907362706,19.16002601076869,-0.6957258965940163,16.326143662314003,15.636710015406315,-0.6894336469076876
resnet18,ResNet18,42,CGMacros-034,90,22.667980749432722,22.20549868937208,-0.4624820600606405,19.736985249250317,19.0138530780303,-0.7231321712200156
resnet18,ResNet18,42,CGMacros-034,120,24.766754327493764,24.51515329062761,-0.2516010368661554,21.807755900194994,21.337378315232904,-0.47037758496209037
resnet18,ResNet18,42,CGMacros-039,15,19.70709535198244,19.71287370090573,0.005778348923293208,14.587424870925974,14.671308271952753,0.08388340102677994
resnet18,ResNet18,42,CGMacros-039,30,33.23020919815697,33.359008965178916,0.1287997670219454,24.532725602306808,24.696478946868996,0.16375334456218837
resnet18,ResNet18,42,CGMacros-039,60,55.3173582997845,55.874669435291565,0.5573111355070637,40.40376567351344,40.84382234222901,0.44005666871557025
resnet18,ResNet18,42,CGMacros-039,90,70.35801192244016,71.1708829241411,0.8128710017009411,51.50916092634325,52.14871493038938,0.6395540040461327
resnet18,ResNet18,42,CGMacros-039,120,80.49782028796044,81.3210075013984,0.8231872134379614,60.36026339119136,60.90074131945587,0.540477928264508
resnet18,ResNet18,49,CGMacros-008,15,11.436861760686144,11.519096699126504,0.08223493844035978,7.842111181376988,7.962098642998412,0.11998746162142382
resnet18,ResNet18,49,CGMacros-008,30,17.97370127482142,18.22442198846103,0.25072071363961257,11.905795544438824,12.162005088253103,0.2562095438142791
resnet18,ResNet18,49,CGMacros-008,60,26.071794613879938,26.692715351532026,0.6209207376520887,17.888310590354635,18.198289487021533,0.30997889666689815
resnet18,ResNet18,49,CGMacros-008,90,30.539010035271616,31.343445816246874,0.8044357809752576,22.556836135069542,22.82234463333712,0.26550849826757883
resnet18,ResNet18,49,CGMacros-008,120,32.360475012891094,33.093655482793636,0.7331804699025426,24.670566747075565,24.80592155319161,0.13535480611604456
resnet18,ResNet18,49,CGMacros-014,15,9.606038073619642,9.7301482192488,0.12411014562915845,6.786690128041186,6.908765587848917,0.12207545980773116
resnet18,ResNet18,49,CGMacros-014,30,16.046906904048104,16.349079608029555,0.30217270398145146,10.803977171204117,11.143299742013468,0.339322570809351
resnet18,ResNet18,49,CGMacros-014,60,23.632633474295545,23.89580940744715,0.26317593315160437,15.935354277565544,16.25113492736827,0.3157806498027256
resnet18,ResNet18,49,CGMacros-014,90,26.884028953443227,26.63268686344349,-0.2513420899997385,18.44106454336176,18.342650031923263,-0.09841451143849866
resnet18,ResNet18,49,CGMacros-014,120,28.091564473400467,27.341505476262586,-0.7500589971378808,19.72305489431712,19.198846556604657,-0.5242083377124622
resnet18,ResNet18,49,CGMacros-019,15,9.078641423888628,9.468309835169103,0.3896684112804749,6.641015932041765,7.043869146609766,0.40285321456800105
resnet18,ResNet18,49,CGMacros-019,30,14.463878176518845,15.297938266131073,0.8340600896122279,10.2293094774407,11.03243722340166,0.8031277459609605
resnet18,ResNet18,49,CGMacros-019,60,17.314322147937983,18.911996759403,1.5976746114650169,11.684124861327833,13.360694890584368,1.6765700292565349
resnet18,ResNet18,49,CGMacros-019,90,18.235487279373963,19.555528352573656,1.3200410731996932,12.38079681535189,13.77562633245654,1.3948295171046503
resnet18,ResNet18,49,CGMacros-019,120,18.52337808397256,19.265869305120855,0.7424912211482955,13.021247623775052,13.828033659556782,0.8067860357817302
resnet18,ResNet18,49,CGMacros-020,15,12.12943463807326,11.829268853794964,-0.30016578427829543,9.174304476712175,8.95162064877342,-0.22268382793875574
resnet18,ResNet18,49,CGMacros-020,30,19.759867608057263,18.946624847726593,-0.8132427603306702,14.791305428477308,14.252616757035625,-0.5386886714416832
resnet18,ResNet18,49,CGMacros-020,60,28.78613632851008,27.56930291236093,-1.21683341614915,21.398587061920058,20.72718796910375,-0.6713990928163085
resnet18,ResNet18,49,CGMacros-020,90,34.12098300818934,33.239080555856546,-0.8819024523327954,25.415244225543653,24.816506818283532,-0.5987374072601206
resnet18,ResNet18,49,CGMacros-020,120,37.344615499466165,36.77514408642058,-0.5694714130455836,28.036004511246368,27.744986861696148,-0.2910176495502199
resnet18,ResNet18,49,CGMacros-034,15,10.884120651559705,11.413033748824295,0.5289130972645903,7.940807209134521,8.331720001777196,0.3909127926426752
resnet18,ResNet18,49,CGMacros-034,30,15.777870594585766,17.080524006817125,1.3026534122313596,11.782109087036293,12.686098591511204,0.9039895044749109
resnet18,ResNet18,49,CGMacros-034,60,20.634491600563127,22.255038611975557,1.6205470114124303,17.058864963227762,18.10675182123323,1.0478868580054694
resnet18,ResNet18,49,CGMacros-034,90,24.26714735452729,25.52371484634716,1.2565674918198724,21.296296051773197,22.145774407655026,0.8494783558818284
resnet18,ResNet18,49,CGMacros-034,120,26.751272536626054,27.550044899266467,0.7987723626404133,23.83126636750306,24.395887873970644,0.564621506467585
resnet18,ResNet18,49,CGMacros-039,15,21.131456795633973,20.33213131950198,-0.7993254761319939,15.439587688958683,15.014949636052497,-0.42463805290618595
resnet18,ResNet18,49,CGMacros-039,30,34.448265013419984,33.10355097722339,-1.3447140361965921,25.203058368556814,24.41365796175361,-0.7894004068032032
resnet18,ResNet18,49,CGMacros-039,60,55.75471871570571,54.81557510312508,-0.9391436125806294,40.011940028702085,39.480732965316264,-0.5312070633858212
resnet18,ResNet18,49,CGMacros-039,90,70.5106239661927,70.37946701871105,-0.1311569474816423,51.18772640914485,51.10905090207289,-0.07867550707196358
resnet18,ResNet18,49,CGMacros-039,120,79.50667968659819,80.00335375739763,0.49667407079944326,58.92074737917281,59.23534429403187,0.3145969148590595
resnet18,ResNet18,56,CGMacros-008,15,11.24681567844625,11.240016797174043,-0.006798881272207069,7.598629561493968,7.623012133276335,0.024382571782367357
resnet18,ResNet18,56,CGMacros-008,30,17.611092407894212,17.549084364291037,-0.06200804360317491,11.482961377274899,11.516827475354699,0.03386609807980001
resnet18,ResNet18,56,CGMacros-008,60,25.498146746737508,25.482661211508507,-0.015485535229000646,16.909928957742025,16.84205303417914,-0.06787592356288386
resnet18,ResNet18,56,CGMacros-008,90,29.39261356882955,29.83539293392348,0.44277936509393,20.626585480667238,20.733044733508866,0.10645925284162772
resnet18,ResNet18,56,CGMacros-008,120,30.461020087841067,31.346727383920094,0.8857072960790262,22.15951253053549,22.433747157123452,0.2742346265879618
resnet18,ResNet18,56,CGMacros-014,15,9.34991986074105,9.376145685688899,0.026225824947848864,6.383023266884652,6.404920094880552,0.021896827995900203
resnet18,ResNet18,56,CGMacros-014,30,15.906455957290142,15.95795669394217,0.05150073665202903,10.603762377247543,10.645364380219783,0.04160200297224037
resnet18,ResNet18,56,CGMacros-014,60,23.80099187636212,23.799662486519065,-0.0013293898430539741,15.919626380807049,15.939151202396928,0.019524821589879338
resnet18,ResNet18,56,CGMacros-014,90,27.173315858193266,27.00949992167338,-0.16381593651988524,18.401279779816193,18.276509040456887,-0.12477073935930605
resnet18,ResNet18,56,CGMacros-014,120,28.06396662940865,27.79654057145686,-0.2674260579517913,19.36608427297546,19.107901735358077,-0.2581825376173832
resnet18,ResNet18,56,CGMacros-019,15,8.909434358232888,8.975512115765879,0.06607775753299094,6.207930483487593,6.268446167037682,0.06051568355008907
resnet18,ResNet18,56,CGMacros-019,30,14.395782740609114,14.583971478229492,0.18818873762037747,10.054003837911823,10.260336095576553,0.20633225766473018
resnet18,ResNet18,56,CGMacros-019,60,17.69150560821937,18.30751617023035,0.616010562010981,12.053045604330833,12.803561649103282,0.7505160447724482
resnet18,ResNet18,56,CGMacros-019,90,18.746644936289957,19.46753415111388,0.7208892148239237,12.672605545299401,13.452252295012642,0.7796467497132404
resnet18,ResNet18,56,CGMacros-019,120,18.903875089955687,19.392641377264088,0.4887662873084011,13.01849593121617,13.482065738440172,0.4635698072240011
resnet18,ResNet18,56,CGMacros-020,15,11.570185030863788,11.483485960921648,-0.08669906994214038,8.554180948344976,8.48835843660655,-0.06582251173842657
resnet18,ResNet18,56,CGMacros-020,30,19.41311302726001,19.042858708237464,-0.37025431902254624,14.460971059697107,14.192349695911323,-0.2686213637857833
resnet18,ResNet18,56,CGMacros-020,60,29.228249346795344,28.613645840194135,-0.6146035066012097,21.928315506738453,21.588526896824185,-0.33978860991426885
resnet18,ResNet18,56,CGMacros-020,90,35.87611006576119,35.16967690989537,-0.7064331558658168,26.88025910135017,26.466766860559314,-0.41349224079085545
resnet18,ResNet18,56,CGMacros-020,120,39.69221658213371,39.058064309828836,-0.634152272304874,29.973464607654417,29.7045501072498,-0.26891450040461606
resnet18,ResNet18,56,CGMacros-034,15,10.476792297449794,10.583360500126146,0.10656820267635148,7.417707117999958,7.497489882182585,0.07978276418262631
resnet18,ResNet18,56,CGMacros-034,30,14.910723226410065,15.30407844790137,0.393355221491305,10.75276448758305,11.024216460291553,0.27145197270850296
resnet18,ResNet18,56,CGMacros-034,60,18.138747651012693,18.828293361754742,0.6895457107420491,14.486805356340573,14.913271947445994,0.4264665911054202
resnet18,ResNet18,56,CGMacros-034,90,20.448154545063034,21.39970224573792,0.9515477006748867,17.552377215757474,18.19603507166848,0.6436578559110053
resnet18,ResNet18,56,CGMacros-034,120,22.579490706548224,23.369133207531227,0.7896425009830033,19.67802020746532,20.39552453753145,0.7175043300661308
resnet18,ResNet18,56,CGMacros-039,15,18.165815419435074,17.95912425440369,-0.2066911650313834,13.431801354481047,13.310306187346539,-0.12149516713450836
resnet18,ResNet18,56,CGMacros-039,30,31.900630995579576,31.45414024724796,-0.44649074833161606,23.49652278454514,23.161526218812995,-0.3349965657321441
resnet18,ResNet18,56,CGMacros-039,60,54.731568977060434,54.25802867566337,-0.4735403013970654,40.19677905825486,39.87376335878959,-0.3230156994652731
resnet18,ResNet18,56,CGMacros-039,90,71.83526625451539,71.36119473275136,-0.47407152176403144,53.39254303357291,53.00025783687683,-0.3922851966960863
resnet18,ResNet18,56,CGMacros-039,120,82.35560045664997,81.99815371118174,-0.3574467454682235,62.578567487865584,62.096955731675244,-0.4816117561903397
resnet18,ResNet18,63,CGMacros-008,15,11.238795209150346,11.242063047139768,0.0032678379894210963,7.5808800057743895,7.594190239497692,0.013310233723302645
resnet18,ResNet18,63,CGMacros-008,30,17.83354400877288,17.784759096458153,-0.04878491231472637,11.690148901090325,11.666326465426575,-0.02382243566374953
resnet18,ResNet18,63,CGMacros-008,60,25.872534435092714,25.708198792583318,-0.16433564250939625,17.401157034295583,17.238953182577166,-0.16220385171841656
resnet18,ResNet18,63,CGMacros-008,90,29.805688769227704,29.727856023418422,-0.07783274580928179,21.42343400963473,21.348219979345966,-0.0752140302887625
resnet18,ResNet18,63,CGMacros-008,120,30.884266460702545,31.137745544159955,0.2534790834574103,22.996028199108384,23.087992166453308,0.09196396734492396
resnet18,ResNet18,63,CGMacros-014,15,9.436782529133794,9.446092605141308,0.009310076007514212,6.427604328689664,6.396076480479281,-0.03152784821038246
resnet18,ResNet18,63,CGMacros-014,30,15.945410405615632,15.96641887040762,0.021008464791988146,10.553860587463971,10.477651790694475,-0.07620879676949599
resnet18,ResNet18,63,CGMacros-014,60,23.760569777720704,23.581052743935082,-0.179517033785622,15.884699521980476,15.610495616061867,-0.27420390591860944
resnet18,ResNet18,63,CGMacros-014,90,26.924429664970823,26.460091033797024,-0.46433863117379914,18.231641646762153,17.82405786373543,-0.40758378302672327
resnet18,ResNet18,63,CGMacros-014,120,27.841423274596988,27.33834967706623,-0.5030735975307579,19.275280809716385,18.928066389680698,-0.34721442003568725
resnet18,ResNet18,63,CGMacros-019,15,8.848244985742088,8.926020989335727,0.07777600359363923,6.171598295044518,6.226033089628968,0.05443479458445033
resnet18,ResNet18,63,CGMacros-019,30,14.225441611625685,14.4802796478356,0.2548380362099145,9.759934305566793,9.972720927057258,0.21278662149046568
resnet18,ResNet18,63,CGMacros-019,60,17.373683671593987,18.196888563197472,0.8232048916034849,11.670097783730842,12.546431228422291,0.8763334446914488
resnet18,ResNet18,63,CGMacros-019,90,18.27968917876171,19.201647944141698,0.921958765379987,12.343421785895991,13.350377124848379,1.0069553389523875
resnet18,ResNet18,63,CGMacros-019,120,18.356675417662633,18.85575064486827,0.4990752272056369,12.787463774406492,13.512635287937163,0.7251715135306718
resnet18,ResNet18,63,CGMacros-020,15,11.424740280134438,11.445911096856287,0.02117081672184895,8.391096828502233,8.421750464696839,0.030653636194605483
resnet18,ResNet18,63,CGMacros-020,30,18.949673243962998,19.008138300848373,0.05846505688537462,14.005477894095845,14.07118730751095,0.06570941341510483
resnet18,ResNet18,63,CGMacros-020,60,28.646074634975363,28.327696153099367,-0.31837848187599604,21.313216818499434,21.096207355808257,-0.21700946269117694
resnet18,ResNet18,63,CGMacros-020,90,34.564181305974714,34.0203025956441,-0.5438787103306169,25.735230035899956,25.35615361595955,-0.3790764199404073
resnet18,ResNet18,63,CGMacros-020,120,38.448965020817546,37.61323496676103,-0.8357300540565191,28.82171746535042,28.357526027941745,-0.46419143740867597
resnet18,ResNet18,63,CGMacros-034,15,10.523698103592045,10.538993129509715,0.015295025917669847,7.509512598577506,7.505398993386843,-0.004113605190663172
resnet18,ResNet18,63,CGMacros-034,30,15.426881445138363,15.446375259874447,0.019493814736083692,11.352117330717368,11.331660239073331,-0.02045709164403675
resnet18,ResNet18,63,CGMacros-034,60,18.885249914759456,19.518498563219953,0.6332486484604978,15.380029778857587,15.674587555535876,0.294557776678289
resnet18,ResNet18,63,CGMacros-034,90,21.56564197969731,22.700995030476378,1.1353530507790666,18.67330458282267,19.384634572412946,0.7113299895902756
resnet18,ResNet18,63,CGMacros-034,120,23.713545440469655,25.228052169125142,1.514506728655487,20.818112037926632,22.098126278244546,1.2800142403179144
resnet18,ResNet18,63,CGMacros-039,15,18.051845187368055,17.920920942016664,-0.13092424535139102,12.956439228425449,12.943560334555329,-0.012878893870119867
resnet18,ResNet18,63,CGMacros-039,30,31.442378830687176,31.44986914052359,0.007490309836413189,22.694698697231946,22.84154301002563,0.14684431279368582
resnet18,ResNet18,63,CGMacros-039,60,54.50717761085682,54.44953482507851,-0.057642785778313055,39.30235803663007,39.39073988316408,0.08838184653401271
resnet18,ResNet18,63,CGMacros-039,90,70.31721801287608,70.18188826562407,-0.1353297472520154,51.48105847306019,51.42567970121231,-0.05537877184787732
resnet18,ResNet18,63,CGMacros-039,120,80.94355563778885,80.56577832180724,-0.3777773159816036,60.82801091748064,60.41998360631538,-0.40802731116526303
resnet18,ResNet18,70,CGMacros-008,15,11.552748198435614,11.539276532029026,-0.013471666406587701,7.810974931809599,7.827822306019695,0.016847374210096078
resnet18,ResNet18,70,CGMacros-008,30,18.03063928149478,18.0094568714179,-0.02118241007687871,11.805152830247536,11.83699445283551,0.03184162258797407
resnet18,ResNet18,70,CGMacros-008,60,25.712766838161414,25.933860177183597,0.22109333902218253,17.312777777869606,17.443380125931625,0.13060234806201976
resnet18,ResNet18,70,CGMacros-008,90,29.63685938896101,30.219564264459265,0.5827048754982549,21.121689529503353,21.452865243548054,0.3311757140447007
resnet18,ResNet18,70,CGMacros-008,120,30.54117730691918,31.29242609512739,0.7512487882082084,22.553623779085882,22.920517127988486,0.36689334890260383
resnet18,ResNet18,70,CGMacros-014,15,9.634197774127133,9.626918449652408,-0.007279324474724902,6.649117743781793,6.633233247642917,-0.015884496138875548
resnet18,ResNet18,70,CGMacros-014,30,16.125075298974267,16.118772153356158,-0.00630314561810863,10.714245278698826,10.738848367803442,0.02460308910461606
resnet18,ResNet18,70,CGMacros-014,60,23.79138539300673,23.67777964054198,-0.1136057524647498,15.91934452453948,15.98821260212631,0.06886807758683133
resnet18,ResNet18,70,CGMacros-014,90,26.95259762426117,26.537143432685713,-0.4154541915754564,18.205906750385438,17.961270375317024,-0.24463637506841351
resnet18,ResNet18,70,CGMacros-014,120,27.818485336053897,27.181754835118777,-0.6367305009351192,19.22867478570857,18.721644863914797,-0.507029921793773
resnet18,ResNet18,70,CGMacros-019,15,9.176198676956925,9.23909201496073,0.06289333800380525,6.552692587415864,6.617230610656978,0.06453802324111368
resnet18,ResNet18,70,CGMacros-019,30,14.299096337446743,14.613904424900447,0.31480808745370403,9.888879709012672,10.214864845641427,0.3259851366287556
resnet18,ResNet18,70,CGMacros-019,60,17.367816878689712,18.38368315591801,1.015866277228298,11.749892478645657,12.90585533336516,1.1559628547195029
resnet18,ResNet18,70,CGMacros-019,90,18.435767489769933,19.39251870384976,0.9567512140798264,12.327005667770111,13.424562723015795,1.0975570552456837
resnet18,ResNet18,70,CGMacros-019,120,18.61089462059921,19.027071590261663,0.41617696966245177,12.821113112810139,13.34907521675341,0.5279621039432723
resnet18,ResNet18,70,CGMacros-020,15,11.899162728175652,11.800268902145302,-0.09889382603035024,8.89848951655116,8.821791222250132,-0.07669829430102837
resnet18,ResNet18,70,CGMacros-020,30,19.490108339550076,18.988108092526534,-0.5020002470235418,14.482042026121627,14.131337121702865,-0.35070490441876245
resnet18,ResNet18,70,CGMacros-020,60,29.372635152961283,28.12507691603793,-1.2475582369233535,21.913316141738534,21.15295947875747,-0.7603566629810636
resnet18,ResNet18,70,CGMacros-020,90,35.66625328117698,34.40215876464867,-1.26409451652831,26.604052609564487,25.798871734857453,-0.8051808747070339
resnet18,ResNet18,70,CGMacros-020,120,39.181921025113205,38.050533608220526,-1.1313874168926787,29.428067402516938,28.92038234180219,-0.5076850607147492
resnet18,ResNet18,70,CGMacros-034,15,10.692227996299064,10.836835720638906,0.14460772433984204,7.619744774311573,7.736202669914671,0.11645789560309794
resnet18,ResNet18,70,CGMacros-034,30,15.301470438232943,15.93715847754747,0.6356880393145268,11.22670984855516,11.713420308167345,0.4867104596121852
resnet18,ResNet18,70,CGMacros-034,60,18.7572590858503,20.258715080914314,1.5014559950640134,15.344286707630966,16.38315471656725,1.0388680089362854
resnet18,ResNet18,70,CGMacros-034,90,21.106970826474328,22.678853083029665,1.5718822565553374,18.23773511994927,19.343256956690396,1.1055218367411257
resnet18,ResNet18,70,CGMacros-034,120,23.31809858686807,24.511965429360686,1.1938668424926142,20.393598890938463,21.400452856284375,1.0068539653459112
resnet18,ResNet18,70,CGMacros-039,15,19.075531465289064,18.760849746157696,-0.314681719131368,13.909607821966935,13.746978290138358,-0.16262953182857665
resnet18,ResNet18,70,CGMacros-039,30,32.113196174734725,31.35942962308273,-0.7537665516519958,23.246479352069134,22.778665773999666,-0.46781357806946744
resnet18,ResNet18,70,CGMacros-039,60,54.79119727870351,53.531961524705984,-1.2592357539975225,39.508862023728504,38.65478784570467,-0.8540741780238363
resnet18,ResNet18,70,CGMacros-039,90,71.10863087154509,69.9645365508662,-1.1440943206788887,52.190672370914776,51.28128121328105,-0.9093911576337277
resnet18,ResNet18,70,CGMacros-039,120,81.14601226046982,80.30041465344907,-0.8455976070207498,61.01110247617156,60.134873690850185,-0.8762287853213735
vit,ViT-B/16,7,CGMacros-008,15,11.15286468609188,11.290319337289407,0.13745465119752787,7.560261005235356,7.703714655883573,0.14345365064821713
vit,ViT-B/16,7,CGMacros-008,30,17.63428809237882,17.930694117857637,0.29640602547881656,11.58690719299868,11.905970011841253,0.31906281884257304
vit,ViT-B/16,7,CGMacros-008,60,25.44952804928005,25.765356438490215,0.3158283892101643,17.25980404578141,17.56914297263266,0.30933892685124675
vit,ViT-B/16,7,CGMacros-008,90,29.774376840293538,29.928902245470486,0.15452540517694757,21.740706880600513,21.933403657352724,0.19269677675221075
vit,ViT-B/16,7,CGMacros-008,120,31.12933620617435,31.23086944661168,0.10153324043733036,23.671248700653926,23.815881776135857,0.14463307548193072
vit,ViT-B/16,7,CGMacros-014,15,9.297347648534902,9.376832268812484,0.07948462027758119,6.33814470665101,6.4322865129102995,0.09414180625928914
vit,ViT-B/16,7,CGMacros-014,30,15.784362230506623,15.920474959183885,0.13611272867726143,10.514814336106832,10.718487084439577,0.2036727483327443
vit,ViT-B/16,7,CGMacros-014,60,23.329561647959135,23.45028637033824,0.12072472237910503,15.6930569751615,15.93186457561269,0.23880760045119054
vit,ViT-B/16,7,CGMacros-014,90,26.49820870604136,26.51470532482401,0.016496618782650074,18.02124519852497,18.163028405457002,0.1417832069320326
vit,ViT-B/16,7,CGMacros-014,120,27.310064030258303,27.26776270061664,-0.04230132964166344,18.997318172423643,19.082981226372468,0.08566305394882434
vit,ViT-B/16,7,CGMacros-019,15,8.8486141913375,9.035995776165056,0.18738158482755551,6.152094756378168,6.3264304827487114,0.1743357263705434
vit,ViT-B/16,7,CGMacros-019,30,14.353955045124298,14.65237923470486,0.2984241895805617,9.982827905125767,10.27022501057756,0.2873971054517934
vit,ViT-B/16,7,CGMacros-019,60,17.407517534289067,17.675810413645824,0.26829287935675694,11.877843963091518,12.198997414433887,0.3211534513423686
vit,ViT-B/16,7,CGMacros-019,90,18.20789442391187,18.25669704717007,0.04880262325820084,12.334259396808783,12.406031188803025,0.07177179199424266
vit,ViT-B/16,7,CGMacros-019,120,18.40552576945689,18.286114481068747,-0.11941128838814308,12.795488583450458,12.693436001999647,-0.10205258145081153
vit,ViT-B/16,7,CGMacros-020,15,11.456915664987873,11.300038448911133,-0.1568772160767402,8.410850203281987,8.294108003236776,-0.11674220004521096
vit,ViT-B/16,7,CGMacros-020,30,19.149844625712397,18.654873317551385,-0.49497130816101276,14.211228363543349,13.851279893528394,-0.3599484700149542
vit,ViT-B/16,7,CGMacros-020,60,29.102975796193522,28.519745903630433,-0.5832298925630894,21.671460918863872,21.313878277269477,-0.35758264159439435
vit,ViT-B/16,7,CGMacros-020,90,35.27286257588995,34.9219793570495,-0.35088321884045115,26.26976835113216,26.071911716197864,-0.19785663493429695
vit,ViT-B/16,7,CGMacros-020,120,39.12971509427097,38.82393860174381,-0.30577649252715844,29.35490292188926,29.128276075829174,-0.22662684606008554
vit,ViT-B/16,7,CGMacros-034,15,10.680785375874516,11.15097620014217,0.4701908242676538,7.564509482269557,7.912115521577865,0.34760603930830847
vit,ViT-B/16,7,CGMacros-034,30,15.72929801872241,16.830112090697185,1.1008140719747743,11.46888456010154,12.296206687051992,0.8273221269504525
vit,ViT-B/16,7,CGMacros-034,60,20.024033810552634,21.09532928665269,1.0712954761000546,16.266500173459008,17.146148826561745,0.8796486531027377
vit,ViT-B/16,7,CGMacros-034,90,23.161733031779658,23.78783605015652,0.6261030183768632,20.191325101783146,20.80812485443229,0.6167997526491433
vit,ViT-B/16,7,CGMacros-034,120,26.121964814350655,26.51541008559294,0.39344527124228534,23.167771818798272,23.643114533893854,0.47534271509558224
vit,ViT-B/16,7,CGMacros-039,15,19.4987050155585,18.979331417990746,-0.5193735975677534,14.056790536632773,13.738467814692978,-0.3183227219397953
vit,ViT-B/16,7,CGMacros-039,30,32.92655825808388,32.078520382207614,-0.8480378758762654,24.159619006861547,23.53798970561786,-0.6216293012436864
vit,ViT-B/16,7,CGMacros-039,60,56.46017969002505,55.79322758475589,-0.6669521052691607,41.54953991512522,40.87803230775953,-0.6715076073656903
vit,ViT-B/16,7,CGMacros-039,90,72.86470742679724,72.54404835695574,-0.32065906984149706,54.27940580150446,53.83253727641635,-0.4468685250881066
vit,ViT-B/16,7,CGMacros-039,120,83.26963273795323,83.05070290547957,-0.2189298324736626,63.42919084563497,63.09674796899927,-0.33244287663570304
vit,ViT-B/16,14,CGMacros-008,15,11.286222010937209,11.276085451371552,-0.010136559565657066,7.7016214930372735,7.716629274141218,0.01500778110394485
vit,ViT-B/16,14,CGMacros-008,30,17.568177484670738,17.52868944480537,-0.03948803986536831,11.522561419093586,11.539730023274325,0.017168604180739067
vit,ViT-B/16,14,CGMacros-008,60,25.488290920853327,25.342989615133533,-0.14530130571979427,16.97274272206055,16.91229801756402,-0.060444704496529056
vit,ViT-B/16,14,CGMacros-008,90,29.475927755575736,29.256490007525194,-0.21943774805054161,20.778354023620604,20.67205863562023,-0.10629538800037608
vit,ViT-B/16,14,CGMacros-008,120,30.784850698530462,30.482987054985184,-0.3018636435452784,22.475435459824208,22.291613043929647,-0.18382241589456072
vit,ViT-B/16,14,CGMacros-014,15,9.527603295578285,9.49288693360065,-0.034716361977634946,6.663547880952849,6.6439960198586,-0.019551861094249112
vit,ViT-B/16,14,CGMacros-014,30,15.967414740969993,15.87511630543304,-0.09229843553695183,10.805789663797562,10.738992484954286,-0.06679717884327552
vit,ViT-B/16,14,CGMacros-014,60,23.80972692002384,23.6035357814546,-0.20619113856924187,16.08114450104567,15.909923396174749,-0.1712211048709218
vit,ViT-B/16,14,CGMacros-014,90,27.091867644717777,26.77419022792489,-0.3176774167928862,18.331451925163858,18.03442131592978,-0.29703060923407776
vit,ViT-B/16,14,CGMacros-014,120,28.057841637128284,27.69119589676735,-0.36664574036093356,19.400220180209246,19.051521149734548,-0.3486990304746982
vit,ViT-B/16,14,CGMacros-019,15,8.926022428359746,8.906535166170075,-0.019487262189670673,6.417336683601261,6.408338473233692,-0.00899821036756876
vit,ViT-B/16,14,CGMacros-019,30,14.211675855004005,14.1529117026017,-0.05876415240230415,10.036884494104557,9.98143669686804,-0.055447797236517715
vit,ViT-B/16,14,CGMacros-019,60,17.6179836560906,17.47442032885122,-0.1435633272393808,12.083090342582182,11.99416151784183,-0.08892882474035169
vit,ViT-B/16,14,CGMacros-019,90,18.636314654424787,18.45948485043966,-0.17682980398512527,12.569441968244133,12.378862938364046,-0.19057902988008735
vit,ViT-B/16,14,CGMacros-019,120,18.819741649016812,18.723469223203022,-0.09627242581379036,12.930597232114309,12.790864655957051,-0.13973257615725743
vit,ViT-B/16,14,CGMacros-020,15,11.950115789448708,11.894338627255232,-0.055777162193475505,8.96622677596972,8.9198960730552,-0.046330702914518795
vit,ViT-B/16,14,CGMacros-020,30,19.97409276627322,19.856328910012305,-0.11776385626091468,14.993465370070277,14.909294618810664,-0.08417075125961304
vit,ViT-B/16,14,CGMacros-020,60,29.518105212607303,29.46588419327235,-0.05222101933495438,22.1229856770137,22.10931648817664,-0.01366918883705992
vit,ViT-B/16,14,CGMacros-020,90,35.45604904643936,35.58844609187301,0.13239704543364894,26.51717595186566,26.615010628818943,0.0978346769532834
vit,ViT-B/16,14,CGMacros-020,120,39.22566043446753,39.46989557256023,0.24423513809270503,29.57245931068824,29.76422970267149,0.19177039198324763
vit,ViT-B/16,14,CGMacros-034,15,10.600006366144559,10.623351187322616,0.023344821178056918,7.678179164043889,7.695199283068807,0.0170201190249184
vit,ViT-B/16,14,CGMacros-034,30,15.042477784947605,15.0684455744697,0.02596778952209533,10.977307449075205,10.996249269179623,0.018941820104418028
vit,ViT-B/16,14,CGMacros-034,60,18.260893211639377,18.070064215059766,-0.1908289965796115,14.728293890130796,14.510778017585533,-0.21751587254526328
vit,ViT-B/16,14,CGMacros-034,90,20.63158325681404,20.25490756513263,-0.3766756916814096,17.731630171297688,17.312981873196755,-0.4186482981009334
vit,ViT-B/16,14,CGMacros-034,120,22.9372198044404,22.46639889524267,-0.47082090919773023,20.0428749265638,19.489439315295563,-0.5534356112682381
vit,ViT-B/16,14,CGMacros-039,15,19.670681464798115,19.56316093099199,-0.10752053380612381,14.362913640297851,14.287700149754698,-0.07521349054315252
vit,ViT-B/16,14,CGMacros-039,30,33.23342760800217,33.070166292051844,-0.16326131595032223,24.912814700594947,24.766798676826713,-0.14601602376823308
vit,ViT-B/16,14,CGMacros-039,60,55.60475803214192,55.601956961870336,-0.0028010702715874913,40.89007862022371,40.804460476981006,-0.085618143242705
vit,ViT-B/16,14,CGMacros-039,90,71.26871152920198,71.49282045029838,0.22410892109640201,52.80265576567136,52.93580326019812,0.1331474945267601
vit,ViT-B/16,14,CGMacros-039,120,81.22734656822169,81.58157359681007,0.35422702858838306,61.280326048335866,61.53983077625715,0.2595047279212821
vit,ViT-B/16,21,CGMacros-008,15,11.118271970709117,11.118450307834179,0.0001783371250621002,7.561903312771586,7.565626224873804,0.003722912102218423
vit,ViT-B/16,21,CGMacros-008,30,17.537160490386245,17.515933811919655,-0.021226678466589988,11.501398447182702,11.471043318870645,-0.030355128312056223
vit,ViT-B/16,21,CGMacros-008,60,25.899591673718756,25.865510717675722,-0.034080956043034405,17.666862061664606,17.639148939694657,-0.027713121969949128
vit,ViT-B/16,21,CGMacros-008,90,30.40650903119514,30.455202994507665,0.048693963312526733,22.438863381246104,22.475665362755475,0.03680198150937031
vit,ViT-B/16,21,CGMacros-008,120,32.241799247192716,32.274389210370714,0.03258996317799756,25.032578539618523,25.060584575502396,0.02800603588387318
vit,ViT-B/16,21,CGMacros-014,15,9.429654729953011,9.4237441958248,-0.005910534128211964,6.596275384467724,6.595833561016134,-0.00044182345158993996
vit,ViT-B/16,21,CGMacros-014,30,15.799614356321843,15.79682811918627,-0.002786237135573799,10.591708267655424,10.571149206189355,-0.02055906146606823
vit,ViT-B/16,21,CGMacros-014,60,23.457956971277245,23.44600710718881,-0.011949864088435902,15.740011040848415,15.721273838391289,-0.0187372024571264
vit,ViT-B/16,21,CGMacros-014,90,26.745287059235306,26.762203203302715,0.016916144067408823,18.282750594540953,18.30782532203376,0.02507472749280737
vit,ViT-B/16,21,CGMacros-014,120,27.73634306315498,27.733770720717118,-0.002572342437861863,19.57385570226201,19.58090354576055,0.007047843498540374
vit,ViT-B/16,21,CGMacros-019,15,9.070315007345256,9.071176241411631,0.0008612340663756157,6.555788760483042,6.559050508999965,0.0032617485169232907
vit,ViT-B/16,21,CGMacros-019,30,14.310520188950017,14.281382041036547,-0.02913814791346958,10.036419806762574,10.002268984800075,-0.03415082196249841
vit,ViT-B/16,21,CGMacros-019,60,17.455208756006886,17.426570645808276,-0.028638110198610178,11.816921508559528,11.790297263991732,-0.02662424456779533
vit,ViT-B/16,21,CGMacros-019,90,18.269483322717896,18.290294688643073,0.020811365925176517,12.467311113793155,12.487637502763754,0.020326388970598686
vit,ViT-B/16,21,CGMacros-019,120,18.32018842990674,18.324050234953145,0.003861805046405209,13.137132316842974,13.138201077976126,0.0010687611331512414
vit,ViT-B/16,21,CGMacros-020,15,11.984101066020802,11.955617009916057,-0.02848405610474458,8.962581606526387,8.93776516931327,-0.02481643721311677
vit,ViT-B/16,21,CGMacros-020,30,19.503709549849486,19.58119955397063,0.07749000412114526,14.511132644410878,14.569099720142173,0.05796707573129467
vit,ViT-B/16,21,CGMacros-020,60,28.63566319158373,28.662945636121496,0.027282444537764405,21.305619465518337,21.3254876993899,0.01986823387156278
vit,ViT-B/16,21,CGMacros-020,90,34.17011917737324,34.12595462367417,-0.04416455369906913,25.388123128479204,25.36218408535851,-0.02593904312069384
vit,ViT-B/16,21,CGMacros-020,120,37.37931950999663,37.361585262376586,-0.017734247620040833,27.962869112941558,27.955056919803205,-0.0078121931383527965
vit,ViT-B/16,21,CGMacros-034,15,10.400833497990684,10.434476699950842,0.033643201960158464,7.408141350377385,7.432879947489484,0.02473859711209858
vit,ViT-B/16,21,CGMacros-034,30,15.599516679614371,15.462556813632814,-0.13695986598155763,11.336189291025248,11.231747344199626,-0.10444194682562191
vit,ViT-B/16,21,CGMacros-034,60,20.177855954599906,20.114893510568447,-0.06296244403145934,16.507672834436313,16.452741625177747,-0.05493120925856587
vit,ViT-B/16,21,CGMacros-034,90,23.71772092718857,23.79802263095482,0.08030170376624923,20.702750177519572,20.780363402927097,0.07761322540752502
vit,ViT-B/16,21,CGMacros-034,120,27.178775177802823,27.212964553442042,0.034189375639218866,24.24449981579259,24.28533228068715,0.04083246489456016
vit,ViT-B/16,21,CGMacros-039,15,19.73741600497389,19.68608521563546,-0.05133078933842938,14.66533930891913,14.628366919790908,-0.03697238912822165
vit,ViT-B/16,21,CGMacros-039,30,32.98690716216183,33.10238849710935,0.11548133494752477,24.458169203992778,24.54244407254005,0.08427486854727206
vit,ViT-B/16,21,CGMacros-039,60,55.27214834335682,55.31175033118883,0.03960198783201463,40.37289226835158,40.40198273873404,0.029090470382463707
vit,ViT-B/16,21,CGMacros-039,90,70.60782686108084,70.5384077004953,-0.06941916058553943,51.87565491613234,51.806366927755775,-0.06928798837656558
vit,ViT-B/16,21,CGMacros-039,120,80.10856537644896,80.077015358073,-0.031550018375966715,59.878056765835,59.8431935773389,-0.0348631884960966
vit,ViT-B/16,28,CGMacros-008,15,11.38508648665354,11.339638141180938,-0.045448345472602014,7.735356054591807,7.67276894079263,-0.06258711379917692
vit,ViT-B/16,28,CGMacros-008,30,18.109922571084407,18.052432503231152,-0.057490067853255056,11.942148496349395,11.87185852087201,-0.07028997547738491
vit,ViT-B/16,28,CGMacros-008,60,26.360331409402594,26.250960450635507,-0.10937095876708725,18.266781526809925,18.18489412961204,-0.08188739719788529
vit,ViT-B/16,28,CGMacros-008,90,30.682689730428034,30.602851768418112,-0.07983796200992188,23.015891380780058,22.956586001453363,-0.05930537932669466
vit,ViT-B/16,28,CGMacros-008,120,32.038218759909554,32.068607137753474,0.03038837784392001,24.958539309745266,24.98183655978049,0.023297250035223982
vit,ViT-B/16,28,CGMacros-014,15,9.390003383074518,9.364367329379657,-0.02563605369486055,6.317200470433649,6.264156693125623,-0.053043777308025675
vit,ViT-B/16,28,CGMacros-014,30,16.01700797291863,15.991483394808553,-0.02552457811007791,10.440081635601231,10.383016172880225,-0.0570654627210061
vit,ViT-B/16,28,CGMacros-014,60,23.795216840213662,23.714976000116792,-0.08024084009687016,16.04017829092127,15.935227713017344,-0.10495057790392437
vit,ViT-B/16,28,CGMacros-014,90,26.936718411985282,26.85792846922527,-0.07878994276001094,18.596553686753335,18.512460716773752,-0.08409296997958293
vit,ViT-B/16,28,CGMacros-014,120,27.795882469571,27.771852284461133,-0.02403018510986854,19.700496450900204,19.68650477985264,-0.013991671047563159
vit,ViT-B/16,28,CGMacros-019,15,8.763900634328404,8.686199697168965,-0.07770093715943993,5.9471210732611635,5.8584129031830665,-0.08870817007809695
vit,ViT-B/16,28,CGMacros-019,30,14.243569917719544,14.183028322822619,-0.06054159489692523,9.553582123550392,9.484966628417736,-0.06861549513265608
vit,ViT-B/16,28,CGMacros-019,60,17.330459014807484,17.251748940220125,-0.07871007458735946,11.653005235507331,11.56833849772053,-0.0846667377868009
vit,ViT-B/16,28,CGMacros-019,90,18.173084200932067,18.137413723894277,-0.03567047703779025,12.645522609697501,12.60955263944883,-0.035969970248670435
vit,ViT-B/16,28,CGMacros-019,120,18.342642507212954,18.336633913357176,-0.006008593855778344,13.285476088282573,13.282795818108994,-0.002680270173579302
vit,ViT-B/16,28,CGMacros-020,15,11.139738074654973,11.275117773963759,0.13537969930878546,8.081358893429762,8.196633529534942,0.1152746361051804
vit,ViT-B/16,28,CGMacros-020,30,18.527317598249514,18.686764380216914,0.15944678196740014,13.519033122408961,13.63441345644892,0.1153803340399584
vit,ViT-B/16,28,CGMacros-020,60,27.812376973298544,27.955158054746484,0.14278108144793933,20.610254635533302,20.697572826953504,0.08731819142020214
vit,ViT-B/16,28,CGMacros-020,90,33.45303812303512,33.53396095747959,0.0809228344444719,24.792837749920853,24.853300558303406,0.060462808382553135
vit,ViT-B/16,28,CGMacros-020,120,37.033913047157384,37.03032421445067,-0.003588832706711287,27.605989107965488,27.61324527715701,0.007256169191521167
vit,ViT-B/16,28,CGMacros-034,15,11.007456987099975,10.732435016732374,-0.27502197036760023,7.91273669362672,7.684235239090499,-0.22850145453622162
vit,ViT-B/16,28,CGMacros-034,30,16.027791632380026,15.731426571379341,-0.29636506100068516,11.882709842472549,11.654969925668194,-0.2277399168043548
vit,ViT-B/16,28,CGMacros-034,60,20.555210220110034,20.30733691608255,-0.24787330402748253,16.958327097564645,16.75482031222894,-0.20350678533570488
vit,ViT-B/16,28,CGMacros-034,90,24.065262548492363,23.95895533310169,-0.10630721539067167,21.099847794889914,20.996920080680095,-0.1029277142098195
vit,ViT-B/16,28,CGMacros-034,120,26.558605768155847,26.596187352614102,0.037581584458255435,23.582134281344977,23.620633705504,0.03849942415902419
vit,ViT-B/16,28,CGMacros-039,15,18.262412476516953,18.558803495514045,0.29639101899709175,12.968064311523076,13.156132999835448,0.1880686883123719
vit,ViT-B/16,28,CGMacros-039,30,31.19050681491105,31.47473603062135,0.284229215710301,21.928027401260106,22.117385816982143,0.1893584157220367
vit,ViT-B/16,28,CGMacros-039,60,54.05902201403407,54.294666118209044,0.23564410417497328,38.12733165131827,38.301716783937444,0.17438513261917166
vit,ViT-B/16,28,CGMacros-039,90,69.88590689926505,70.01263162365521,0.12672472439015792,50.37848706176441,50.47475165012216,0.09626458835774798
vit,ViT-B/16,28,CGMacros-039,120,80.58755313644028,80.57754755934113,-0.010005577099150287,59.82092406148247,59.80276928926169,-0.018154772220782434
vit,ViT-B/16,35,CGMacros-008,15,11.34591269965949,11.341886193814892,-0.00402650584459785,7.696754411517818,7.693966983547057,-0.002787427970761591
vit,ViT-B/16,35,CGMacros-008,30,17.7062517918024,17.714514092674563,0.008262300872161177,11.620369429175575,11.638965561858935,0.01859613268335991
vit,ViT-B/16,35,CGMacros-008,60,25.683297406902692,25.783648513257475,0.10035110635478262,17.188094777812022,17.26408995771486,0.07599517990283644
vit,ViT-B/16,35,CGMacros-008,90,29.554531181481668,29.637858758815895,0.08332757733422724,20.936035245640042,21.01210492902579,0.0760696833857466
vit,ViT-B/16,35,CGMacros-008,120,30.705305019908714,30.779051419662643,0.07374639975392938,22.487487452996472,22.572499379312212,0.08501192631574028
vit,ViT-B/16,35,CGMacros-014,15,9.51588614274447,9.503702542266893,-0.012183600477577272,6.56461810537938,6.56121600015881,-0.003402105220570384
vit,ViT-B/16,35,CGMacros-014,30,16.001688279704855,15.986602690192733,-0.0150855895121218,10.65227167755056,10.674697274398168,0.02242559684760792
vit,ViT-B/16,35,CGMacros-014,60,23.819180140270785,23.841123967790853,0.021943827520068737,15.968823452295048,16.069819758093445,0.10099630579839669
vit,ViT-B/16,35,CGMacros-014,90,27.091330943168348,27.090903528012337,-0.0004274151560110795,18.364690000545217,18.435061982972286,0.07037198242706921
vit,ViT-B/16,35,CGMacros-014,120,28.047662086710734,28.019302720357892,-0.02835936635284142,19.406296076341466,19.46569937792576,0.05940330158429319
vit,ViT-B/16,35,CGMacros-019,15,8.97943547120162,8.988233468149978,0.008797996948358033,6.360968991960005,6.375146613920692,0.014177621960686615
vit,ViT-B/16,35,CGMacros-019,30,14.123250307253974,14.143577673570839,0.020327366316864826,9.793376102097875,9.833980634930036,0.0406045328321607
vit,ViT-B/16,35,CGMacros-019,60,17.346642677937005,17.410408059841096,0.06376538190409065,11.771279588554595,11.885689185284946,0.11440959673035067
vit,ViT-B/16,35,CGMacros-019,90,18.415835171735427,18.437162529406592,0.021327357671165004,12.369668813004335,12.408102548749325,0.03843373574498976
vit,ViT-B/16,35,CGMacros-019,120,18.663069859221217,18.61070886768188,-0.05236099153933793,12.816737027096035,12.780321546745492,-0.036415480350543206
vit,ViT-B/16,35,CGMacros-020,15,11.731352131566075,11.714963152884295,-0.01638897868178013,8.690942133985729,8.680337353765378,-0.010604780220351273
vit,ViT-B/16,35,CGMacros-020,30,19.682833960188315,19.543154801022226,-0.1396791591660893,14.672643942402336,14.57484966706928,-0.09779427533305629
vit,ViT-B/16,35,CGMacros-020,60,29.568182742394203,29.323522580158706,-0.24466016223549758,22.132436031574063,21.975474158729885,-0.15696187284417817
vit,ViT-B/16,35,CGMacros-020,90,35.25833432475578,35.08619529137058,-0.17213903338519998,26.379625365938644,26.27033629321549,-0.10928907272315413
vit,ViT-B/16,35,CGMacros-020,120,39.2841877678531,39.1101786897315,-0.17400907812159971,29.57668610115133,29.458807986197687,-0.11787811495364409
vit,ViT-B/16,35,CGMacros-034,15,10.645125706566837,10.69257763902415,0.04745193245731194,7.6419290584138855,7.678282311550514,0.03635325313662818
vit,ViT-B/16,35,CGMacros-034,30,15.406085120109948,15.637606984416177,0.23152186430622912,11.461672603276803,11.633865991909001,0.17219338863219846
vit,ViT-B/16,35,CGMacros-034,60,18.737111203638534,19.079630964571887,0.342519760933353,15.20991060578904,15.476753483624229,0.2668428778351899
vit,ViT-B/16,35,CGMacros-034,90,21.005832817432797,21.170061738051718,0.16422892061892114,18.055559291119852,18.22214651988257,0.1665872287627188
vit,ViT-B/16,35,CGMacros-034,120,22.981254127610267,23.06298859931808,0.08173447170781145,20.10540447326353,20.21981282991869,0.11440835665516147
vit,ViT-B/16,35,CGMacros-039,15,19.00582557318997,18.890884636886224,-0.11494093630374635,13.736927353627324,13.679988306644484,-0.05693904698284058
vit,ViT-B/16,35,CGMacros-039,30,32.33785421907267,32.05218383782895,-0.2856703812437189,23.522931963183783,23.344080974063463,-0.1788509891203205
vit,ViT-B/16,35,CGMacros-039,60,55.59141654479851,55.264773778190865,-0.3266427666076481,40.32299286437847,40.02923180728561,-0.2937610570928584
vit,ViT-B/16,35,CGMacros-039,90,70.50394717705797,70.34300912682339,-0.1609380502345772,51.5159928068131,51.31850998752009,-0.1974828192930147
vit,ViT-B/16,35,CGMacros-039,120,81.2431827127971,81.13288164723848,-0.11030106555861607,61.04681187507125,60.88023399865997,-0.16657787641128152
vit,ViT-B/16,42,CGMacros-008,15,11.347090123897502,11.35482954262393,0.007739418726428582,7.821646655255215,7.832172916738881,0.01052626148366631
vit,ViT-B/16,42,CGMacros-008,30,17.636679083802147,17.716275014293323,0.07959593049117686,11.649235959409332,11.738652575320215,0.08941661591088312
vit,ViT-B/16,42,CGMacros-008,60,25.498154991083297,25.722788784911398,0.2246337938281009,17.488225210113285,17.648963817801945,0.16073860768866055
vit,ViT-B/16,42,CGMacros-008,90,29.79105670485179,29.89375027380887,0.10269356895707915,21.89424671158606,21.966653414244877,0.07240670265881732
vit,ViT-B/16,42,CGMacros-008,120,31.353554219059042,31.259287355111937,-0.09426686394710515,23.921820782962953,23.86208248349934,-0.0597382994636142
vit,ViT-B/16,42,CGMacros-014,15,9.492705883581433,9.490880046031004,-0.001825837550429199,6.623845748500938,6.624739175914597,0.0008934274136587206
vit,ViT-B/16,42,CGMacros-014,30,15.726316602884149,15.747876077298525,0.021559474414376112,10.473817304782099,10.53848437429596,0.06466706951386136
vit,ViT-B/16,42,CGMacros-014,60,23.304016574051317,23.407952379189474,0.10393580513815692,15.674801161095377,15.836041155212786,0.16123999411740897
vit,ViT-B/16,42,CGMacros-014,90,26.610109201067754,26.657547178583286,0.047437977515532026,18.147764851380217,18.20401811082267,0.056253259442453185
vit,ViT-B/16,42,CGMacros-014,120,27.67138759489115,27.632292401472625,-0.0390951934185253,19.332864423287152,19.298506809337532,-0.03435761394962
vit,ViT-B/16,42,CGMacros-019,15,8.818065131065143,8.828355967408314,0.010290836343170184,6.312089888429331,6.316135852458945,0.004045964029613991
vit,ViT-B/16,42,CGMacros-019,30,13.997690176275983,14.097651555180217,0.09996137890423462,9.612541997082491,9.698785912937547,0.08624391585505542
vit,ViT-B/16,42,CGMacros-019,60,17.158484789199406,17.33360323539408,0.17511844619467354,11.570692460560412,11.74150420828778,0.1708117477273685
vit,ViT-B/16,42,CGMacros-019,90,18.091243419121422,18.139921110754454,0.04867769163303137,12.38584127179833,12.435169401025854,0.04932812922752383
vit,ViT-B/16,42,CGMacros-019,120,18.33507504255119,18.31886286862968,-0.016212173921509532,13.122105224147234,13.105118725763823,-0.016986498383410265
vit,ViT-B/16,42,CGMacros-020,15,11.909863033417931,11.918732830133973,0.008869796716041378,8.931519462692686,8.941638745582368,0.010119282889682779
vit,ViT-B/16,42,CGMacros-020,30,19.460064200153916,19.266951776151636,-0.19311242400227968,14.41604171429012,14.270292802652996,-0.14574891163712422
vit,ViT-B/16,42,CGMacros-020,60,28.860932547018578,28.570119897479017,-0.29081264953956065,21.390165751778213,21.200274469505572,-0.18989128227264018
vit,ViT-B/16,42,CGMacros-020,90,34.13853910292971,34.04995419998307,-0.08858490294664279,25.270304481206015,25.207363942604772,-0.06294053860124293
vit,ViT-B/16,42,CGMacros-020,120,37.67598471461014,37.71154419550265,0.03555948089250904,28.110290704848037,28.12919683775346,0.018906132905424755
vit,ViT-B/16,42,CGMacros-034,15,10.946217262934997,10.976746381221124,0.030529118286127144,8.038136453404935,8.050607520916728,0.012471067511793166
vit,ViT-B/16,42,CGMacros-034,30,15.697487069398454,16.0770736154415,0.3795865460430452,11.639313777527109,11.910262729593995,0.2709489520668864
vit,ViT-B/16,42,CGMacros-034,60,19.855751907362706,20.364936528675223,0.5091846213125173,16.326143662314003,16.728672526724118,0.40252886441011526
vit,ViT-B/16,42,CGMacros-034,90,22.667980749432722,22.79517776821907,0.12719701878634737,19.736985249250317,19.85560599124421,0.11862074199389383
vit,ViT-B/16,42,CGMacros-034,120,24.766754327493764,24.662014402349584,-0.10473992514418029,21.807755900194994,21.696940679745502,-0.1108152204494921
vit,ViT-B/16,42,CGMacros-039,15,19.70709535198244,19.64765062124104,-0.05944473074139722,14.587424870925974,14.570635060887197,-0.016789810038776665
vit,ViT-B/16,42,CGMacros-039,30,33.23020919815697,32.86199890780158,-0.36821029035539254,24.532725602306808,24.301397710965762,-0.2313278913410457
vit,ViT-B/16,42,CGMacros-039,60,55.3173582997845,54.891923306609954,-0.425434993174548,40.40376567351344,40.083687536559346,-0.3200781369540948
vit,ViT-B/16,42,CGMacros-039,90,70.35801192244016,70.2346895504255,-0.12332237201465546,51.50916092634325,51.40305832860795,-0.10610259773530117
vit,ViT-B/16,42,CGMacros-039,120,80.49782028796044,80.57645122069313,0.07863093273269328,60.36026339119136,60.42587381843471,0.06561042724334953
vit,ViT-B/16,49,CGMacros-008,15,11.436861760686144,11.441314038505503,0.004452277819359196,7.842111181376988,7.86415865175357,0.022047470376581835
vit,ViT-B/16,49,CGMacros-008,30,17.97370127482142,17.97881866418831,0.00511738936689099,11.905795544438824,11.933932319847031,0.028136775408206915
vit,ViT-B/16,49,CGMacros-008,60,26.071794613879938,25.596844829403583,-0.4749497844763546,17.888310590354635,17.580935610866803,-0.30737497948783243
vit,ViT-B/16,49,CGMacros-008,90,30.539010035271616,29.35843372779916,-1.1805763074724567,22.556836135069542,21.70928153352981,-0.8475546015397306
vit,ViT-B/16,49,CGMacros-008,120,32.360475012891094,30.61829673637301,-1.7421782765180822,24.670566747075565,23.40065681038418,-1.2699099366913842
vit,ViT-B/16,49,CGMacros-014,15,9.606038073619642,9.585219473467697,-0.020818600151944366,6.786690128041186,6.791580148123516,0.004890020082330082
vit,ViT-B/16,49,CGMacros-014,30,16.046906904048104,16.02309154640705,-0.023815357641055357,10.803977171204117,10.808563108988693,0.004585937784575833
vit,ViT-B/16,49,CGMacros-014,60,23.632633474295545,23.420932056912942,-0.21170141738260284,15.935354277565544,15.620191743636262,-0.31516253392928206
vit,ViT-B/16,49,CGMacros-014,90,26.884028953443227,26.310590005392985,-0.5734389480502422,18.44106454336176,17.82770620698916,-0.6133583363726025
vit,ViT-B/16,49,CGMacros-014,120,28.091564473400467,27.23316564172194,-0.858398831678528,19.72305489431712,18.875584759956528,-0.8474701343605915
vit,ViT-B/16,49,CGMacros-019,15,9.078641423888628,9.10525847273041,0.026617048841782065,6.641015932041765,6.677721212062066,0.03670528002030071
vit,ViT-B/16,49,CGMacros-019,30,14.463878176518845,14.486465445147036,0.02258726862819138,10.2293094774407,10.27855397664545,0.04924449920475027
vit,ViT-B/16,49,CGMacros-019,60,17.314322147937983,17.09685181052711,-0.21747033741087307,11.684124861327833,11.5001337180064,-0.18399114332143363
vit,ViT-B/16,49,CGMacros-019,90,18.235487279373963,17.941540028985038,-0.2939472503889249,12.38079681535189,12.076412118775988,-0.3043846965759016
vit,ViT-B/16,49,CGMacros-019,120,18.52337808397256,18.51336034851874,-0.010017735453818233,13.021247623775052,12.88641405284391,-0.134833570931141
vit,ViT-B/16,49,CGMacros-020,15,12.12943463807326,12.032574387517919,-0.09686025055534131,9.174304476712175,9.09813391616866,-0.07617056054351501
vit,ViT-B/16,49,CGMacros-020,30,19.759867608057263,19.56045086662746,-0.19941674142980403,14.791305428477308,14.653382466898023,-0.13792296157928519
vit,ViT-B/16,49,CGMacros-020,60,28.78613632851008,29.032901461220277,0.2467651327101983,21.398587061920058,21.56391533088674,0.1653282689666824
vit,ViT-B/16,49,CGMacros-020,90,34.12098300818934,34.80036881174258,0.6793858035532381,25.415244225543653,25.90788789460459,0.4926436690609357
vit,ViT-B/16,49,CGMacros-020,120,37.344615499466165,38.2034708772906,0.8588553778244332,28.036004511246368,28.616702870137544,0.5806983588911763
vit,ViT-B/16,49,CGMacros-034,15,10.884120651559705,11.001163678340355,0.11704302678064948,7.940807209134521,8.031521548712702,0.09071433957818087
vit,ViT-B/16,49,CGMacros-034,30,15.777870594585766,15.979471051034647,0.20160045644888136,11.782109087036293,11.936081511012883,0.15397242397659028
vit,ViT-B/16,49,CGMacros-034,60,20.634491600563127,19.978933353234535,-0.6555582473285924,17.058864963227762,16.52643059690676,-0.5324343663210023
vit,ViT-B/16,49,CGMacros-034,90,24.26714735452729,23.116477451942316,-1.1506699025849727,21.296296051773197,20.146179742895043,-1.1501163088781539
vit,ViT-B/16,49,CGMacros-034,120,26.751272536626054,25.395286452532723,-1.355986084093331,23.83126636750306,22.252905773007093,-1.5783605944959653
vit,ViT-B/16,49,CGMacros-039,15,21.131456795633973,20.876955772842372,-0.2545010227916009,15.439587688958683,15.294523350788985,-0.1450643381696981
vit,ViT-B/16,49,CGMacros-039,30,34.448265013419984,34.16617235464071,-0.2820926587792769,25.203058368556814,25.005201966614273,-0.19785640194254128
vit,ViT-B/16,49,CGMacros-039,60,55.75471871570571,56.42400570596414,0.6692869902584349,40.011940028702085,40.40387435344924,0.3919343247471545
vit,ViT-B/16,49,CGMacros-039,90,70.5106239661927,71.87566431885986,1.3650403526671653,51.18772640914485,52.15952723387882,0.9718008247339682
vit,ViT-B/16,49,CGMacros-039,120,79.50667968659819,81.09366491013782,1.586985223539628,58.92074737917281,60.21356176373238,1.2928143845595699
vit,ViT-B/16,56,CGMacros-008,15,11.24681567844625,11.249456124100982,0.002640445654732204,7.598629561493968,7.61543601466386,0.0168064531698926
vit,ViT-B/16,56,CGMacros-008,30,17.611092407894212,17.626660265545567,0.015567857651355155,11.482961377274899,11.500425967656632,0.017464590381733203
vit,ViT-B/16,56,CGMacros-008,60,25.498146746737508,25.6828175672172,0.18467082047969186,16.909928957742025,16.935215871903164,0.02528691416113915
vit,ViT-B/16,56,CGMacros-008,90,29.39261356882955,29.953436710107574,0.5608231412780249,20.626585480667238,20.949609580107403,0.32302409944016475
vit,ViT-B/16,56,CGMacros-008,120,30.461020087841067,31.4079737656249,0.9469536777838314,22.15951253053549,22.835646165279428,0.6761336347439375
vit,ViT-B/16,56,CGMacros-014,15,9.34991986074105,9.371361731656348,0.021441870915298367,6.383023266884652,6.399839770878094,0.016816503993442034
vit,ViT-B/16,56,CGMacros-014,30,15.906455957290142,15.975256489560389,0.06880053227024696,10.603762377247543,10.661443016295232,0.05768063904768894
vit,ViT-B/16,56,CGMacros-014,60,23.80099187636212,24.020067982224454,0.21907610586233517,15.919626380807049,16.1032232382036,0.18359685739655163
vit,ViT-B/16,56,CGMacros-014,90,27.173315858193266,27.522738010472402,0.34942215227913564,18.401279779816193,18.749053421124927,0.3477736413087342
vit,ViT-B/16,56,CGMacros-014,120,28.06396662940865,28.469736671929052,0.40577004252040183,19.36608427297546,19.85638507304594,0.4903008000704787
vit,ViT-B/16,56,CGMacros-019,15,8.909434358232888,8.945572170299213,0.03613781206632538,6.207930483487593,6.245501734279282,0.03757125079168855
vit,ViT-B/16,56,CGMacros-019,30,14.395782740609114,14.487882221835363,0.09209948122624922,10.054003837911823,10.114516450715984,0.060512612804160426
vit,ViT-B/16,56,CGMacros-019,60,17.69150560821937,17.897819938614532,0.20631433039516267,12.053045604330833,12.26563016144637,0.21258455711553736
vit,ViT-B/16,56,CGMacros-019,90,18.746644936289957,18.95201060037792,0.20536566408796375,12.672605545299401,12.887950806223694,0.21534526092429296
vit,ViT-B/16,56,CGMacros-019,120,18.903875089955687,18.878579427663105,-0.02529566229258151,13.01849593121617,13.072368377538595,0.053872446322424494
vit,ViT-B/16,56,CGMacros-020,15,11.570185030863788,11.69748543473186,0.1273004038680714,8.554180948344976,8.675863928683459,0.12168298033848224
vit,ViT-B/16,56,CGMacros-020,30,19.41311302726001,19.555211858157655,0.14209883089764475,14.460971059697107,14.551468511690711,0.09049745199360437
vit,ViT-B/16,56,CGMacros-020,60,29.228249346795344,29.150539880577128,-0.0777094662182165,21.928315506738453,21.90849406423372,-0.019821442504731834
vit,ViT-B/16,56,CGMacros-020,90,35.87611006576119,35.40411510908903,-0.4719949566721624,26.88025910135017,26.566537447067653,-0.3137216542825172
vit,ViT-B/16,56,CGMacros-020,120,39.69221658213371,38.95678382217037,-0.7354327599633379,29.973464607654417,29.4930165628695,-0.480448044784918
vit,ViT-B/16,56,CGMacros-034,15,10.476792297449794,10.493605635472534,0.016813338022739543,7.417707117999958,7.413662291180108,-0.0040448268198503
vit,ViT-B/16,56,CGMacros-034,30,14.910723226410065,15.129620638090483,0.21889741168041787,10.75276448758305,10.835750306765807,0.08298581918275616
vit,ViT-B/16,56,CGMacros-034,60,18.138747651012693,18.592954425825937,0.4542067748132439,14.486805356340573,14.70407528296592,0.21726992662534705
vit,ViT-B/16,56,CGMacros-034,90,20.448154545063034,21.35642760215935,0.9082730570963164,17.552377215757474,18.319697828148477,0.7673206123910035
vit,ViT-B/16,56,CGMacros-034,120,22.579490706548224,23.73385294796357,1.1543622414153454,19.67802020746532,20.86670517847646,1.188684971011142
vit,ViT-B/16,56,CGMacros-039,15,18.165815419435074,17.95007723981109,-0.21573817962398323,13.431801354481047,13.37468158864873,-0.057119765832316816
vit,ViT-B/16,56,CGMacros-039,30,31.900630995579576,31.425442304330634,-0.4751886912489418,23.49652278454514,23.34449783788843,-0.1520249466567094
vit,ViT-B/16,56,CGMacros-039,60,54.731568977060434,54.067485773259286,-0.6640832038011482,40.19677905825486,39.78111139369721,-0.41566766455765247
vit,ViT-B/16,56,CGMacros-039,90,71.83526625451539,70.90495981365271,-0.9303064408626796,53.39254303357291,52.56689219724343,-0.8256508363294799
vit,ViT-B/16,56,CGMacros-039,120,82.35560045664997,81.29976638413262,-1.0558340725173423,62.578567487865584,61.50777145307334,-1.0707960347922452
vit,ViT-B/16,63,CGMacros-008,15,11.238795209150346,11.218152259130306,-0.02064295002004002,7.5808800057743895,7.554301865501911,-0.026578140272478734
vit,ViT-B/16,63,CGMacros-008,30,17.83354400877288,17.80302083669839,-0.030523172074488514,11.690148901090325,11.681521138798567,-0.008627762291757435
vit,ViT-B/16,63,CGMacros-008,60,25.872534435092714,26.014809940070872,0.14227550497815855,17.401157034295583,17.49140501159935,0.09024797730376832
vit,ViT-B/16,63,CGMacros-008,90,29.805688769227704,30.102823564998708,0.29713479577100443,21.42343400963473,21.600223536457303,0.17678952682257432
vit,ViT-B/16,63,CGMacros-008,120,30.884266460702545,31.19777258757551,0.31350612687296575,22.996028199108384,23.15836836327782,0.16234016416943575
vit,ViT-B/16,63,CGMacros-014,15,9.436782529133794,9.435718903965638,-0.001063625168155724,6.427604328689664,6.405417628880706,-0.022186699808957933
vit,ViT-B/16,63,CGMacros-014,30,15.945410405615632,15.914918488210125,-0.030491917405507607,10.553860587463971,10.515931868507023,-0.03792871895694816
vit,ViT-B/16,63,CGMacros-014,60,23.760569777720704,23.782613705620108,0.02204392789940357,15.884699521980476,15.943933963359921,0.059234441379445
vit,ViT-B/16,63,CGMacros-014,90,26.924429664970823,26.98360734280638,0.05917767783555661,18.231641646762153,18.302001198303135,0.07035955154098161
vit,ViT-B/16,63,CGMacros-014,120,27.841423274596988,27.873179369184996,0.03175609458800821,19.275280809716385,19.31337532831408,0.038094518597695526
vit,ViT-B/16,63,CGMacros-019,15,8.848244985742088,8.834215510395353,-0.014029475346735154,6.171598295044518,6.153324614122653,-0.01827368092186532
vit,ViT-B/16,63,CGMacros-019,30,14.225441611625685,14.26529425842926,0.03985264680357403,9.759934305566793,9.807738845747268,0.04780454018047564
vit,ViT-B/16,63,CGMacros-019,60,17.373683671593987,17.654735169162425,0.2810514975684377,11.670097783730842,11.984319122038565,0.31422133830772303
vit,ViT-B/16,63,CGMacros-019,90,18.27968917876171,18.514479473095744,0.23479029433403298,12.343421785895991,12.577208278620855,0.23378649272486385
vit,ViT-B/16,63,CGMacros-019,120,18.356675417662633,18.417047542330646,0.06037212466801378,12.787463774406492,12.846106471205546,0.05864269679905476
vit,ViT-B/16,63,CGMacros-020,15,11.424740280134438,11.463996602156858,0.039256322022419354,8.391096828502233,8.430647860930543,0.03955103242831015
vit,ViT-B/16,63,CGMacros-020,30,18.949673243962998,18.81732679105302,-0.13234645290997804,14.005477894095845,13.923542307199707,-0.08193558689613845
vit,ViT-B/16,63,CGMacros-020,60,28.646074634975363,28.200407157716633,-0.44566747725873057,21.313216818499434,21.05790691573188,-0.2553099027675536
vit,ViT-B/16,63,CGMacros-020,90,34.564181305974714,34.19173720555488,-0.372444100419834,25.735230035899956,25.52473924763601,-0.21049078826394663
vit,ViT-B/16,63,CGMacros-020,120,38.448965020817546,38.20076972567138,-0.2481952951461679,28.82171746535042,28.686685237510318,-0.13503222784010305
vit,ViT-B/16,63,CGMacros-034,15,10.523698103592045,10.443696456978174,-0.0800016466138711,7.509512598577506,7.450637362515897,-0.05887523606160894
vit,ViT-B/16,63,CGMacros-034,30,15.426881445138363,15.612869045548479,0.1859876004101153,11.352117330717368,11.510692000979253,0.15857467026188488
vit,ViT-B/16,63,CGMacros-034,60,18.885249914759456,19.65634305102506,0.7710931362656055,15.380029778857587,15.983134549755071,0.6031047708974846
vit,ViT-B/16,63,CGMacros-034,90,21.56564197969731,22.22694788825624,0.6613059085589299,18.67330458282267,19.28348959144186,0.6101850086191902
vit,ViT-B/16,63,CGMacros-034,120,23.713545440469655,24.13997400404753,0.4264285635778755,20.818112037926632,21.26742824434766,0.44931620642102743
vit,ViT-B/16,63,CGMacros-039,15,18.051845187368055,18.131375525689126,0.07953033832107081,12.956439228425449,12.997431336258325,0.0409921078328761
vit,ViT-B/16,63,CGMacros-039,30,31.442378830687176,31.222095694121766,-0.22028313656540988,22.694698697231946,22.539503296084032,-0.15519540114791397
vit,ViT-B/16,63,CGMacros-039,60,54.50717761085682,53.82057611771523,-0.6866014931415947,39.30235803663007,38.73987498964331,-0.5624830469867561
vit,ViT-B/16,63,CGMacros-039,90,70.31721801287608,69.71312259323817,-0.6040954196379147,51.48105847306019,50.91831013771434,-0.5627483353458445
vit,ViT-B/16,63,CGMacros-039,120,80.94355563778885,80.52125627390465,-0.42229936388419276,60.82801091748064,60.375496813793994,-0.4525141036866458
vit,ViT-B/16,70,CGMacros-008,15,11.552748198435614,11.651619969379109,0.09887177094349475,7.810974931809599,7.940465187196574,0.12949025538697523
vit,ViT-B/16,70,CGMacros-008,30,18.03063928149478,18.252260159958446,0.22162087846366774,11.805152830247536,12.076297624579357,0.27114479433182126
vit,ViT-B/16,70,CGMacros-008,60,25.712766838161414,26.518535752697424,0.8057689145360101,17.312777777869606,18.000563273326932,0.6877854954573266
vit,ViT-B/16,70,CGMacros-008,90,29.63685938896101,30.741910678166832,1.1050512892058215,21.121689529503353,22.001514738310725,0.8798252088073717
vit,ViT-B/16,70,CGMacros-008,120,30.54117730691918,31.79289194662838,1.2517146397091992,22.553623779085882,23.48397828039273,0.9303545013068479
vit,ViT-B/16,70,CGMacros-014,15,9.634197774127133,9.673505085081128,0.039307310953995866,6.649117743781793,6.725586090184983,0.07646834640318989
vit,ViT-B/16,70,CGMacros-014,30,16.125075298974267,16.197211878063545,0.07213657908927829,10.714245278698826,10.907068893034273,0.19282361433544715
vit,ViT-B/16,70,CGMacros-014,60,23.79138539300673,24.147590406794624,0.3562050137878927,15.91934452453948,16.545045726406233,0.6257012018667538
vit,ViT-B/16,70,CGMacros-014,90,26.95259762426117,27.352295418606392,0.39969779434522223,18.205906750385438,18.8077082311951,0.6018014808096623
vit,ViT-B/16,70,CGMacros-014,120,27.818485336053897,28.141160873155165,0.3226755371012686,19.22867478570857,19.715271479763263,0.4865966940546933
vit,ViT-B/16,70,CGMacros-019,15,9.176198676956925,9.245750473067394,0.0695517961104688,6.552692587415864,6.64802004103621,0.09532745362034589
vit,ViT-B/16,70,CGMacros-019,30,14.299096337446743,14.496952319751077,0.19785598230433443,9.888879709012672,10.15332709313967,0.2644473841269974
vit,ViT-B/16,70,CGMacros-019,60,17.367816878689712,17.947974843872668,0.5801579651829556,11.749892478645657,12.529725259742655,0.7798327810969976
vit,ViT-B/16,70,CGMacros-019,90,18.435767489769933,18.780665700936318,0.3448982111663845,12.327005667770111,12.913434973816477,0.5864293060463659
vit,ViT-B/16,70,CGMacros-019,120,18.61089462059921,18.53293166613976,-0.07796295445945134,12.821113112810139,12.91450746217594,0.09339434936580204
vit,ViT-B/16,70,CGMacros-020,15,11.899162728175652,11.713682553864976,-0.1854801743106762,8.89848951655116,8.74058568157299,-0.15790383497817118
vit,ViT-B/16,70,CGMacros-020,30,19.490108339550076,18.938916952846743,-0.5511913867033336,14.482042026121627,14.091964560945069,-0.3900774651765584
vit,ViT-B/16,70,CGMacros-020,60,29.372635152961283,28.158116607538584,-1.214518545422699,21.913316141738534,21.166643933167112,-0.7466722085714217
vit,ViT-B/16,70,CGMacros-020,90,35.66625328117698,34.606104813623304,-1.0601484675536739,26.604052609564487,25.94409950489438,-0.6599531046701088
vit,ViT-B/16,70,CGMacros-020,120,39.181921025113205,38.27485220534503,-0.9070688197681775,29.428067402516938,28.78544549250034,-0.6426219100165973
vit,ViT-B/16,70,CGMacros-034,15,10.692227996299064,11.115349644475094,0.42312164817603026,7.619744774311573,7.9734969615197535,0.3537521872081806
vit,ViT-B/16,70,CGMacros-034,30,15.301470438232943,16.345195871773775,1.043725433540832,11.22670984855516,12.026083551970782,0.7993737034156219
vit,ViT-B/16,70,CGMacros-034,60,18.7572590858503,21.03996034439331,2.2827012585430104,15.344286707630966,17.185755603495036,1.84146889586407
vit,ViT-B/16,70,CGMacros-034,90,21.106970826474328,23.166463827736155,2.0594930012618278,18.23773511994927,20.07376026585151,1.8360251459022408
vit,ViT-B/16,70,CGMacros-034,120,23.31809858686807,24.862928384293106,1.5448297974250345,20.393598890938463,21.98494898234482,1.5913500914063583
vit,ViT-B/16,70,CGMacros-039,15,19.075531465289064,18.613120543331124,-0.46241092195793954,13.909607821966935,13.634182291752667,-0.2754255302142674
vit,ViT-B/16,70,CGMacros-039,30,32.113196174734725,31.2669806572228,-0.8462155175119257,23.246479352069134,22.628365298256213,-0.6181140538129206
vit,ViT-B/16,70,CGMacros-039,60,54.79119727870351,53.360956486953036,-1.430240791750471,39.508862023728504,38.16212089288406,-1.3467411308444426
vit,ViT-B/16,70,CGMacros-039,90,71.10863087154509,69.96495865006197,-1.143672221483115,52.190672370914776,50.93453515632777,-1.2561372145870067
vit,ViT-B/16,70,CGMacros-039,120,81.14601226046982,80.26637206753611,-0.8796401929337065,61.01110247617156,59.930825410399876,-1.080277065771682
clip,CLIP ViT-B/16,7,CGMacros-008,15,11.15286468609188,11.263644848934812,0.11078016284293213,7.560261005235356,7.67463614702132,0.1143751417859642
clip,CLIP ViT-B/16,7,CGMacros-008,30,17.63428809237882,17.928911807421997,0.2946237150431763,11.58690719299868,11.842124195987054,0.255217002988374
clip,CLIP ViT-B/16,7,CGMacros-008,60,25.44952804928005,26.267252909691383,0.8177248604113316,17.25980404578141,17.82977101062914,0.5699669648477297
clip,CLIP ViT-B/16,7,CGMacros-008,90,29.774376840293538,31.008714573983422,1.234337733689884,21.740706880600513,22.463523564736864,0.722816684136351
clip,CLIP ViT-B/16,7,CGMacros-008,120,31.12933620617435,32.49705272721327,1.367716521038922,23.671248700653926,24.41837795040374,0.7471292497498148
clip,CLIP ViT-B/16,7,CGMacros-014,15,9.297347648534902,9.365877765130568,0.06853011659566555,6.33814470665101,6.406108127047648,0.06796342039663728
clip,CLIP ViT-B/16,7,CGMacros-014,30,15.784362230506623,15.879929997703526,0.09556776719690241,10.514814336106832,10.637450840711523,0.12263650460469044
clip,CLIP ViT-B/16,7,CGMacros-014,60,23.329561647959135,23.52267327628595,0.1931116283268146,15.6930569751615,15.998053587484408,0.304996612322908
clip,CLIP ViT-B/16,7,CGMacros-014,90,26.49820870604136,26.640758469857467,0.14254976381610618,18.02124519852497,18.20645041668414,0.18520521815917235
clip,CLIP ViT-B/16,7,CGMacros-014,120,27.310064030258303,27.326811294574508,0.01674726431620499,18.997318172423643,18.996241779551088,-0.0010763928725552319
clip,CLIP ViT-B/16,7,CGMacros-019,15,8.8486141913375,9.074613717581675,0.2259995262441752,6.152094756378168,6.36290491778115,0.21081016140298203
clip,CLIP ViT-B/16,7,CGMacros-019,30,14.353955045124298,14.818016956438866,0.46406191131456787,9.982827905125767,10.427040689770665,0.44421278464489866
clip,CLIP ViT-B/16,7,CGMacros-019,60,17.407517534289067,18.56943278805536,1.161915253766292,11.877843963091518,13.09170292988158,1.2138589667900614
clip,CLIP ViT-B/16,7,CGMacros-019,90,18.20789442391187,19.19476579885671,0.9868713749448403,12.334259396808783,13.358766690644153,1.02450729383537
clip,CLIP ViT-B/16,7,CGMacros-019,120,18.40552576945689,18.711703005583427,0.3061772361265369,12.795488583450458,13.14767084088414,0.35218225743368237
clip,CLIP ViT-B/16,7,CGMacros-020,15,11.456915664987873,11.258731701317226,-0.1981839636706475,8.410850203281987,8.25169235756653,-0.1591578457154572
clip,CLIP ViT-B/16,7,CGMacros-020,30,19.149844625712397,18.458342572980772,-0.6915020527316251,14.211228363543349,13.693998658746322,-0.5172297047970265
clip,CLIP ViT-B/16,7,CGMacros-020,60,29.102975796193522,27.564960768345568,-1.5380150278479547,21.671460918863872,20.71439930500341,-0.9570616138604606
clip,CLIP ViT-B/16,7,CGMacros-020,90,35.27286257588995,33.715091777579346,-1.5577707983106066,26.26976835113216,25.30359662928563,-0.966171721846532
clip,CLIP ViT-B/16,7,CGMacros-020,120,39.12971509427097,37.75971006769892,-1.370005026572052,29.35490292188926,28.550043962043123,-0.8048589598461362
clip,CLIP ViT-B/16,7,CGMacros-034,15,10.680785375874516,11.164886649088858,0.4841012732143426,7.564509482269557,7.912872587782753,0.3483631055131964
clip,CLIP ViT-B/16,7,CGMacros-034,30,15.72929801872241,16.960365381286206,1.2310673625637953,11.46888456010154,12.369371542339364,0.9004869822378243
clip,CLIP ViT-B/16,7,CGMacros-034,60,20.024033810552634,22.229550771003574,2.2055169604509395,16.266500173459008,17.93672438764281,1.6702242141838006
clip,CLIP ViT-B/16,7,CGMacros-034,90,23.161733031779658,25.169838537880615,2.008105506100957,20.191325101783146,21.895021192073074,1.7036960902899274
clip,CLIP ViT-B/16,7,CGMacros-034,120,26.121964814350655,27.54439918310295,1.4224343687522953,23.167771818798272,24.604658082419988,1.436886263621716
clip,CLIP ViT-B/16,7,CGMacros-039,15,19.4987050155585,18.995642038859305,-0.5030629766991943,14.056790536632773,13.759901359539644,-0.2968891770931297
clip,CLIP ViT-B/16,7,CGMacros-039,30,32.92655825808388,31.92740073294821,-0.9991575251356686,24.159619006861547,23.49399708396122,-0.6656219229003284
clip,CLIP ViT-B/16,7,CGMacros-039,60,56.46017969002505,54.84346367811626,-1.6167160119087924,41.54953991512522,40.30733456991785,-1.242205345207374
clip,CLIP ViT-B/16,7,CGMacros-039,90,72.86470742679724,71.36475886669189,-1.4999485601053522,54.27940580150446,53.0117762891921,-1.2676295123123609
clip,CLIP ViT-B/16,7,CGMacros-039,120,83.26963273795323,82.06923613293394,-1.200396605019293,63.42919084563497,62.28371740781102,-1.1454734378239522
clip,CLIP ViT-B/16,14,CGMacros-008,15,11.286222010937209,11.36016771650077,0.0739457055635615,7.7016214930372735,7.796055908266623,0.09443441522934926
clip,CLIP ViT-B/16,14,CGMacros-008,30,17.568177484670738,17.80263232620499,0.23445484153425156,11.522561419093586,11.729944475698138,0.20738305660455225
clip,CLIP ViT-B/16,14,CGMacros-008,60,25.488290920853327,26.211658698386497,0.7233677775331699,16.97274272206055,17.40637274369134,0.43363002163079045
clip,CLIP ViT-B/16,14,CGMacros-008,90,29.475927755575736,30.700512036764252,1.2245842811885161,20.778354023620604,21.43877377961397,0.6604197559933667
clip,CLIP ViT-B/16,14,CGMacros-008,120,30.784850698530462,32.37889460616842,1.5940439076379604,22.475435459824208,23.34785194426971,0.8724164844455018
clip,CLIP ViT-B/16,14,CGMacros-014,15,9.527603295578285,9.517331762421353,-0.010271533156931412,6.663547880952849,6.691834033437147,0.028286152484298555
clip,CLIP ViT-B/16,14,CGMacros-014,30,15.967414740969993,16.02926678156375,0.06185204059375593,10.805789663797562,10.914700346473388,0.10891068267582682
clip,CLIP ViT-B/16,14,CGMacros-014,60,23.80972692002384,23.993768479929994,0.18404155990615223,16.08114450104567,16.39771976243843,0.31657526139276015
clip,CLIP ViT-B/16,14,CGMacros-014,90,27.091867644717777,27.217057267792818,0.1251896230750411,18.331451925163858,18.484827628619374,0.15337570345551654
clip,CLIP ViT-B/16,14,CGMacros-014,120,28.057841637128284,28.075871416840148,0.01802977971186337,19.400220180209246,19.46619471957408,0.06597453936483433
clip,CLIP ViT-B/16,14,CGMacros-019,15,8.926022428359746,8.999351462168624,0.07332903380887856,6.417336683601261,6.509972988406937,0.09263630480567642
clip,CLIP ViT-B/16,14,CGMacros-019,30,14.211675855004005,14.549740705776296,0.338064850772291,10.036884494104557,10.41872102421397,0.3818365301094122
clip,CLIP ViT-B/16,14,CGMacros-019,60,17.6179836560906,18.585304239100985,0.9673205830103839,12.083090342582182,13.152648509022532,1.0695581664403502
clip,CLIP ViT-B/16,14,CGMacros-019,90,18.636314654424787,19.615187533478377,0.9788728790535899,12.569441968244133,13.533967518775668,0.9645255505315351
clip,CLIP ViT-B/16,14,CGMacros-019,120,18.819741649016812,19.322549365125052,0.50280771610824,12.930597232114309,13.510007130130367,0.579409898016058
clip,CLIP ViT-B/16,14,CGMacros-020,15,11.950115789448708,11.647408368221573,-0.3027074212271348,8.96622677596972,8.719297894288708,-0.24692888168101135
clip,CLIP ViT-B/16,14,CGMacros-020,30,19.97409276627322,19.08921750854404,-0.8848752577291812,14.993465370070277,14.335404611603968,-0.6580607584663092
clip,CLIP ViT-B/16,14,CGMacros-020,60,29.518105212607303,27.882127021789113,-1.6359781908181894,22.1229856770137,21.08124982345152,-1.0417358535621766
clip,CLIP ViT-B/16,14,CGMacros-020,90,35.45604904643936,33.831004478207994,-1.6250445682313668,26.51717595186566,25.49008645721213,-1.0270894946535307
clip,CLIP ViT-B/16,14,CGMacros-020,120,39.22566043446753,37.68121210765895,-1.5444483268085776,29.57245931068824,28.601190304698864,-0.9712690059893774
clip,CLIP ViT-B/16,14,CGMacros-034,15,10.600006366144559,11.166114984002494,0.5661086178579353,7.678179164043889,8.07279246167284,0.39461329762895136
clip,CLIP ViT-B/16,14,CGMacros-034,30,15.042477784947605,16.3784179169302,1.3359401319825945,10.977307449075205,11.866608418649914,0.8893009695747089
clip,CLIP ViT-B/16,14,CGMacros-034,60,18.260893211639377,20.349169703557035,2.0882764919176573,14.728293890130796,16.20540264978406,1.4771087596532624
clip,CLIP ViT-B/16,14,CGMacros-034,90,20.63158325681404,22.539937462751087,1.908354205937048,17.731630171297688,19.266411728508615,1.534781557210927
clip,CLIP ViT-B/16,14,CGMacros-034,120,22.9372198044404,24.485165216594684,1.5479454121542844,20.0428749265638,21.507746199136122,1.4648712725723207
clip,CLIP ViT-B/16,14,CGMacros-039,15,19.670681464798115,18.949262878796628,-0.7214185860014872,14.362913640297851,14.028516576703703,-0.3343970635941478
clip,CLIP ViT-B/16,14,CGMacros-039,30,33.23342760800217,32.019608874932075,-1.2138187330700916,24.912814700594947,24.244157128255747,-0.6686575723391996
clip,CLIP ViT-B/16,14,CGMacros-039,60,55.60475803214192,53.972467513014806,-1.6322905191271175,40.89007862022371,39.81703527158898,-1.0730433486347337
clip,CLIP ViT-B/16,14,CGMacros-039,90,71.26871152920198,69.81758387667253,-1.4511276525294505,52.80265576567136,51.670378312660134,-1.132277453011227
clip,CLIP ViT-B/16,14,CGMacros-039,120,81.22734656822169,79.94670043923544,-1.2806461289862483,61.280326048335866,60.07294261435997,-1.2073834339758989
clip,CLIP ViT-B/16,21,CGMacros-008,15,11.118271970709117,11.172798330489579,0.054526359780462386,7.561903312771586,7.643829875297267,0.08192656252568131
clip,CLIP ViT-B/16,21,CGMacros-008,30,17.537160490386245,17.66725922453764,0.13009873415139594,11.501398447182702,11.60505555843176,0.10365711124905808
clip,CLIP ViT-B/16,21,CGMacros-008,60,25.899591673718756,26.21974642944346,0.32015475572470464,17.666862061664606,17.854718081108643,0.18785601944403751
clip,CLIP ViT-B/16,21,CGMacros-008,90,30.40650903119514,30.92158395168976,0.515074920494623,22.438863381246104,22.685952294498346,0.24708891325224158
clip,CLIP ViT-B/16,21,CGMacros-008,120,32.241799247192716,32.66791018513516,0.4261109379424468,25.032578539618523,25.164046514418192,0.1314679747996692
clip,CLIP ViT-B/16,21,CGMacros-014,15,9.429654729953011,9.42035441294927,-0.009300317003742009,6.596275384467724,6.611295935700469,0.015020551232745483
clip,CLIP ViT-B/16,21,CGMacros-014,30,15.799614356321843,15.812495233350216,0.012880877028372595,10.591708267655424,10.589107993988078,-0.0026002736673458315
clip,CLIP ViT-B/16,21,CGMacros-014,60,23.457956971277245,23.45364253090209,-0.0043144403751540494,15.740011040848415,15.72765121791489,-0.012359822933525777
clip,CLIP ViT-B/16,21,CGMacros-014,90,26.745287059235306,26.612373301068192,-0.13291375816711337,18.282750594540953,18.095589039700485,-0.18716155484046837
clip,CLIP ViT-B/16,21,CGMacros-014,120,27.73634306315498,27.389492210300748,-0.34685085285423156,19.57385570226201,19.13919547338535,-0.434660228876659
clip,CLIP ViT-B/16,21,CGMacros-019,15,9.070315007345256,9.167819195644201,0.09750418829894514,6.555788760483042,6.661436918243913,0.10564815776087144
clip,CLIP ViT-B/16,21,CGMacros-019,30,14.310520188950017,14.518493047704263,0.2079728587542462,10.036419806762574,10.256455109604895,0.2200353028423212
clip,CLIP ViT-B/16,21,CGMacros-019,60,17.455208756006886,18.035714303955753,0.5805055479488672,11.816921508559528,12.479008925396482,0.6620874168369539
clip,CLIP ViT-B/16,21,CGMacros-019,90,18.269483322717896,18.874105506986083,0.6046221842681874,12.467311113793155,13.050071393893734,0.5827602801005796
clip,CLIP ViT-B/16,21,CGMacros-019,120,18.32018842990674,18.63031643814583,0.31012800823909004,13.137132316842974,13.408932830242936,0.2718005133999615
clip,CLIP ViT-B/16,21,CGMacros-020,15,11.984101066020802,11.728535555855311,-0.255565510165491,8.962581606526387,8.753137708941267,-0.2094438975851194
clip,CLIP ViT-B/16,21,CGMacros-020,30,19.503709549849486,19.058101288218122,-0.4456082616313637,14.511132644410878,14.172964164390029,-0.3381684800208493
clip,CLIP ViT-B/16,21,CGMacros-020,60,28.63566319158373,27.794494120427544,-0.8411690711561874,21.305619465518337,20.782638811718236,-0.5229806538001007
clip,CLIP ViT-B/16,21,CGMacros-020,90,34.17011917737324,33.32299006350685,-0.8471291138663872,25.388123128479204,24.891629100540424,-0.4964940279387804
clip,CLIP ViT-B/16,21,CGMacros-020,120,37.37931950999663,36.76194912228997,-0.6173703877066572,27.962869112941558,27.663634919657902,-0.29923419328365597
clip,CLIP ViT-B/16,21,CGMacros-034,15,10.400833497990684,10.835290768455442,0.43445727046475824,7.408141350377385,7.6883724194692125,0.28023106909182705
clip,CLIP ViT-B/16,21,CGMacros-034,30,15.599516679614371,16.13244077140053,0.5329240917861569,11.336189291025248,11.637021848596408,0.30083255757116056
clip,CLIP ViT-B/16,21,CGMacros-034,60,20.177855954599906,20.855965846231797,0.6781098916318911,16.507672834436313,16.896927456326047,0.3892546218897337
clip,CLIP ViT-B/16,21,CGMacros-034,90,23.71772092718857,24.270895438676956,0.5531745114883861,20.702750177519572,21.040806647877037,0.3380564703574649
clip,CLIP ViT-B/16,21,CGMacros-034,120,27.178775177802823,27.329519431468974,0.15074425366615074,24.24449981579259,24.27883752276622,0.03433770697363059
clip,CLIP ViT-B/16,21,CGMacros-039,15,19.73741600497389,19.154643443064295,-0.5827725619095965,14.66533930891913,14.346216819080388,-0.31912248983874214
clip,CLIP ViT-B/16,21,CGMacros-039,30,32.98690716216183,32.40564785815427,-0.5812593040075598,24.458169203992778,24.185828325811592,-0.27234087818118624
clip,CLIP ViT-B/16,21,CGMacros-039,60,55.27214834335682,54.60188924660092,-0.670259096755899,40.37289226835158,39.981836773008126,-0.3910554953434513
clip,CLIP ViT-B/16,21,CGMacros-039,90,70.60782686108084,70.06850853844323,-0.5393183226376124,51.87565491613234,51.548297423777505,-0.32735749235483524
clip,CLIP ViT-B/16,21,CGMacros-039,120,80.10856537644896,79.8678607966431,-0.24070457980586468,59.878056765835,59.71223681947314,-0.16581994636185726
clip,CLIP ViT-B/16,28,CGMacros-008,15,11.38508648665354,11.371030746435913,-0.014055740217626678,7.735356054591807,7.713745975865139,-0.02161007872666776
clip,CLIP ViT-B/16,28,CGMacros-008,30,18.109922571084407,18.08488506500385,-0.025037506080558103,11.942148496349395,11.863004131139952,-0.07914436520944257
clip,CLIP ViT-B/16,28,CGMacros-008,60,26.360331409402594,26.151591276345485,-0.20874013305710903,18.266781526809925,18.067489792625842,-0.19929173418408297
clip,CLIP ViT-B/16,28,CGMacros-008,90,30.682689730428034,30.35326017817621,-0.329429552251824,23.015891380780058,22.670801972390187,-0.345089408389871
clip,CLIP ViT-B/16,28,CGMacros-008,120,32.038218759909554,31.562782264732334,-0.4754364951772203,24.958539309745266,24.5090431123399,-0.4494961974053666
clip,CLIP ViT-B/16,28,CGMacros-014,15,9.390003383074518,9.33841388517108,-0.051589497903437476,6.317200470433649,6.260533339796531,-0.056667130637118035
clip,CLIP ViT-B/16,28,CGMacros-014,30,16.01700797291863,15.906388096732378,-0.11061987618625224,10.440081635601231,10.30112118611903,-0.13896044948220165
clip,CLIP ViT-B/16,28,CGMacros-014,60,23.795216840213662,23.37006567914626,-0.4251511610674008,16.04017829092127,15.61725993231773,-0.422918358603539
clip,CLIP ViT-B/16,28,CGMacros-014,90,26.936718411985282,26.263790409148765,-0.6729280028365174,18.596553686753335,17.9323209495782,-0.6642327371751335
clip,CLIP ViT-B/16,28,CGMacros-014,120,27.795882469571,27.01521903341391,-0.7806634361570914,19.700496450900204,18.937949653832543,-0.7625467970676603
clip,CLIP ViT-B/16,28,CGMacros-019,15,8.763900634328404,8.713973043673304,-0.04992759065510022,5.9471210732611635,5.888972605312165,-0.05814846794899875
clip,CLIP ViT-B/16,28,CGMacros-019,30,14.243569917719544,14.180865401141206,-0.06270451657833753,9.553582123550392,9.489517368406593,-0.06406475514379828
clip,CLIP ViT-B/16,28,CGMacros-019,60,17.330459014807484,17.36860648713739,0.03814747232990712,11.653005235507331,11.75766892190172,0.10466368639438883
clip,CLIP ViT-B/16,28,CGMacros-019,90,18.173084200932067,18.324178250190435,0.15109404925836856,12.645522609697501,12.76648354480357,0.1209609351060692
clip,CLIP ViT-B/16,28,CGMacros-019,120,18.342642507212954,18.541775272744804,0.19913276553185,13.285476088282573,13.349780517059004,0.06430442877643117
clip,CLIP ViT-B/16,28,CGMacros-020,15,11.139738074654973,11.193370168895532,0.053632094240558814,8.081358893429762,8.132443702360753,0.05108480893099099
clip,CLIP ViT-B/16,28,CGMacros-020,30,18.527317598249514,18.555348283562328,0.02803068531281383,13.519033122408961,13.552015795598635,0.032982673189673406
clip,CLIP ViT-B/16,28,CGMacros-020,60,27.812376973298544,27.626694501079815,-0.1856824722187298,20.610254635533302,20.51732335669768,-0.09293127883562136
clip,CLIP ViT-B/16,28,CGMacros-020,90,33.45303812303512,33.22999580399801,-0.2230423190371127,24.792837749920853,24.742082393539505,-0.05075535638134809
clip,CLIP ViT-B/16,28,CGMacros-020,120,37.033913047157384,36.9190188468789,-0.11489420027848496,27.605989107965488,27.701658125704558,0.09566901773906977
clip,CLIP ViT-B/16,28,CGMacros-034,15,11.007456987099975,10.849489628050346,-0.15796735904962844,7.91273669362672,7.740039564894754,-0.17269712873196585
clip,CLIP ViT-B/16,28,CGMacros-034,30,16.027791632380026,15.70533613848424,-0.3224554938957862,11.882709842472549,11.564795437711215,-0.3179144047613338
clip,CLIP ViT-B/16,28,CGMacros-034,60,20.555210220110034,20.02144520193628,-0.533765018173753,16.958327097564645,16.414605277406594,-0.5437218201580514
clip,CLIP ViT-B/16,28,CGMacros-034,90,24.065262548492363,23.556890159026082,-0.508372389466281,21.099847794889914,20.394211048121022,-0.7056367467688922
clip,CLIP ViT-B/16,28,CGMacros-034,120,26.558605768155847,25.986046433354467,-0.5725593348013795,23.582134281344977,22.745345725639016,-0.8367885557059616
clip,CLIP ViT-B/16,28,CGMacros-039,15,18.262412476516953,18.362035620543477,0.09962314402652339,12.968064311523076,13.124771095931749,0.15670678440867292
clip,CLIP ViT-B/16,28,CGMacros-039,30,31.19050681491105,31.487825613356783,0.2973187984457333,21.928027401260106,22.263727944899546,0.33570054363944024
clip,CLIP ViT-B/16,28,CGMacros-039,60,54.05902201403407,54.53809139531775,0.47906938128367926,38.12733165131827,38.581117358569784,0.45378570725151235
clip,CLIP ViT-B/16,28,CGMacros-039,90,69.88590689926505,70.45182114577588,0.5659142465108289,50.37848706176441,50.96514262075359,0.5866555589891789
clip,CLIP ViT-B/16,28,CGMacros-039,120,80.58755313644028,81.22870845802024,0.6411553215799586,59.82092406148247,60.40415161343696,0.5832275519544865
clip,CLIP ViT-B/16,35,CGMacros-008,15,11.34591269965949,11.420468197638957,0.07455549797946759,7.696754411517818,7.780263180411868,0.0835087688940499
clip,CLIP ViT-B/16,35,CGMacros-008,30,17.7062517918024,17.84391818132825,0.13766638952584742,11.620369429175575,11.755204895586372,0.1348354664107969
clip,CLIP ViT-B/16,35,CGMacros-008,60,25.683297406902692,26.205167654794913,0.5218702478922204,17.188094777812022,17.524030296646185,0.3359355188341624
clip,CLIP ViT-B/16,35,CGMacros-008,90,29.554531181481668,30.422502707401026,0.8679715259193586,20.936035245640042,21.409847131265597,0.47381188562555465
clip,CLIP ViT-B/16,35,CGMacros-008,120,30.705305019908714,31.894806351676994,1.1895013317682803,22.487487452996472,23.112868750831637,0.6253812978351654
clip,CLIP ViT-B/16,35,CGMacros-014,15,9.51588614274447,9.555209584700174,0.039323441955703586,6.56461810537938,6.620783993191457,0.05616588781207721
clip,CLIP ViT-B/16,35,CGMacros-014,30,16.001688279704855,15.98947350390223,-0.01221477580262409,10.65227167755056,10.71855636872537,0.0662846911748094
clip,CLIP ViT-B/16,35,CGMacros-014,60,23.819180140270785,23.919074758492997,0.09989461822221202,15.968823452295048,16.2222656225339,0.25344217023885207
clip,CLIP ViT-B/16,35,CGMacros-014,90,27.091330943168348,27.178859294019368,0.08752835085102006,18.364690000545217,18.50212380067694,0.13743380013172413
clip,CLIP ViT-B/16,35,CGMacros-014,120,28.047662086710734,28.114050405475826,0.06638831876509244,19.406296076341466,19.482431935648556,0.07613585930709021
clip,CLIP ViT-B/16,35,CGMacros-019,15,8.97943547120162,9.132337283170747,0.15290181196912656,6.360968991960005,6.527457133213733,0.16648814125372802
clip,CLIP ViT-B/16,35,CGMacros-019,30,14.123250307253974,14.374342870766796,0.25109256351282205,9.793376102097875,10.123693529792364,0.3303174276944887
clip,CLIP ViT-B/16,35,CGMacros-019,60,17.346642677937005,18.143314904734453,0.7966722267974475,11.771279588554595,12.78583660417557,1.0145570156209747
clip,CLIP ViT-B/16,35,CGMacros-019,90,18.415835171735427,19.184368410390203,0.7685332386547756,12.369668813004335,13.285037896408156,0.9153690834038208
clip,CLIP ViT-B/16,35,CGMacros-019,120,18.663069859221217,18.972267553967008,0.30919769474579084,12.816737027096035,13.211266568733576,0.3945295416375405
clip,CLIP ViT-B/16,35,CGMacros-020,15,11.731352131566075,11.507073164181538,-0.2242789673845369,8.690942133985729,8.5060972440263,-0.18484488995942883
clip,CLIP ViT-B/16,35,CGMacros-020,30,19.682833960188315,18.882614318058835,-0.8002196421294805,14.672643942402336,14.082572408061742,-0.5900715343405949
clip,CLIP ViT-B/16,35,CGMacros-020,60,29.568182742394203,28.053248896160913,-1.5149338462332906,22.132436031574063,21.190144467583288,-0.942291563990775
clip,CLIP ViT-B/16,35,CGMacros-020,90,35.25833432475578,33.78706061832547,-1.4712737064303099,26.379625365938644,25.428826067377297,-0.9507992985613463
clip,CLIP ViT-B/16,35,CGMacros-020,120,39.2841877678531,37.905704183789894,-1.3784835840632041,29.57668610115133,28.727604921779957,-0.8490811793713746
clip,CLIP ViT-B/16,35,CGMacros-034,15,10.645125706566837,11.117457938650318,0.4723322320834811,7.6419290584138855,8.001698633595954,0.3597695751820682
clip,CLIP ViT-B/16,35,CGMacros-034,30,15.406085120109948,16.59480513990367,1.1887200197937222,11.461672603276803,12.318979695655354,0.8573070923785515
clip,CLIP ViT-B/16,35,CGMacros-034,60,18.737111203638534,20.855812420371343,2.118701216732809,15.20991060578904,16.739769170841363,1.529858565052324
clip,CLIP ViT-B/16,35,CGMacros-034,90,21.005832817432797,22.970327277748684,1.964494460315887,18.055559291119852,19.610518618079652,1.5549593269597999
clip,CLIP ViT-B/16,35,CGMacros-034,120,22.981254127610267,24.69598583323079,1.7147317056205225,20.10540447326353,21.667271755130376,1.5618672818668458
clip,CLIP ViT-B/16,35,CGMacros-039,15,19.00582557318997,18.432515254440677,-0.573310318749293,13.736927353627324,13.441634624611234,-0.29529272901609005
clip,CLIP ViT-B/16,35,CGMacros-039,30,32.33785421907267,31.286551689335788,-1.0513025297368799,23.522931963183783,22.906182321723062,-0.6167496414607214
clip,CLIP ViT-B/16,35,CGMacros-039,60,55.59141654479851,54.06442895316633,-1.5269875916321851,40.32299286437847,39.29411504349595,-1.0288778208825207
clip,CLIP ViT-B/16,35,CGMacros-039,90,70.50394717705797,69.17723520529456,-1.3267119717634017,51.5159928068131,50.47249013925104,-1.0435026675620591
clip,CLIP ViT-B/16,35,CGMacros-039,120,81.2431827127971,80.0517471592655,-1.1914355535315906,61.04681187507125,59.919140586174436,-1.1276712888968135
clip,CLIP ViT-B/16,42,CGMacros-008,15,11.347090123897502,11.31925311314444,-0.02783701075306233,7.821646655255215,7.803846701894535,-0.01779995336067941
clip,CLIP ViT-B/16,42,CGMacros-008,30,17.636679083802147,17.565294528616466,-0.07138455518568065,11.649235959409332,11.579032239941313,-0.07020371946801873
clip,CLIP ViT-B/16,42,CGMacros-008,60,25.498154991083297,25.11481277461286,-0.3833422164704352,17.488225210113285,17.176453679102625,-0.3117715310106597
clip,CLIP ViT-B/16,42,CGMacros-008,90,29.79105670485179,29.17330419448779,-0.6177525103639994,21.89424671158606,21.341110960677703,-0.553135750908357
clip,CLIP ViT-B/16,42,CGMacros-008,120,31.353554219059042,30.519616890041405,-0.8339373290176368,23.921820782962953,23.212917590900826,-0.7089031920621274
clip,CLIP ViT-B/16,42,CGMacros-014,15,9.492705883581433,9.433436853613495,-0.059269029967937925,6.623845748500938,6.576075581403035,-0.047770167097902494
clip,CLIP ViT-B/16,42,CGMacros-014,30,15.726316602884149,15.581021332331284,-0.1452952705528645,10.473817304782099,10.345045686055162,-0.12877161872693677
clip,CLIP ViT-B/16,42,CGMacros-014,60,23.304016574051317,22.831868356724033,-0.47214821732728396,15.674801161095377,15.210155651958232,-0.46464550913714575
clip,CLIP ViT-B/16,42,CGMacros-014,90,26.610109201067754,25.84959901003998,-0.7605101910277732,18.147764851380217,17.435541132695974,-0.7122237186842426
clip,CLIP ViT-B/16,42,CGMacros-014,120,27.67138759489115,26.75145026821836,-0.919937326672791,19.332864423287152,18.493984032787917,-0.8388803904992344
clip,CLIP ViT-B/16,42,CGMacros-019,15,8.818065131065143,8.788721267736925,-0.02934386332821859,6.312089888429331,6.280981522217325,-0.03110836621200619
clip,CLIP ViT-B/16,42,CGMacros-019,30,13.997690176275983,13.905686201694069,-0.0920039745819139,9.612541997082491,9.538935547054734,-0.07360645002775712
clip,CLIP ViT-B/16,42,CGMacros-019,60,17.158484789199406,17.030855742037538,-0.12762904716186796,11.570692460560412,11.535194542821463,-0.03549791773894917
clip,CLIP ViT-B/16,42,CGMacros-019,90,18.091243419121422,17.997048132005904,-0.09419528711551806,12.38584127179833,12.228503693631358,-0.15733757816697214
clip,CLIP ViT-B/16,42,CGMacros-019,120,18.33507504255119,18.398243378432657,0.06316833588146764,13.122105224147234,12.969654326861361,-0.15245089728587224
clip,CLIP ViT-B/16,42,CGMacros-020,15,11.909863033417931,11.886475043807105,-0.023387989610826665,8.931519462692686,8.924251516173033,-0.007267946519652568
clip,CLIP ViT-B/16,42,CGMacros-020,30,19.460064200153916,19.31693251617256,-0.14313168398135545,14.41604171429012,14.357330441315554,-0.05871127297456624
clip,CLIP ViT-B/16,42,CGMacros-020,60,28.860932547018578,28.76664776493873,-0.09428478207984625,21.390165751778213,21.458584907998393,0.06841915622018035
clip,CLIP ViT-B/16,42,CGMacros-020,90,34.13853910292971,34.3726532143792,0.23411411144948602,25.270304481206015,25.589550157044712,0.31924567583869745
clip,CLIP ViT-B/16,42,CGMacros-020,120,37.67598471461014,38.14194578794786,0.4659610733377235,28.110290704848037,28.5891513029207,0.47886059807266435
clip,CLIP ViT-B/16,42,CGMacros-034,15,10.946217262934997,10.915585052524232,-0.030632210410765026,8.038136453404935,7.975215632964816,-0.0629208204401186
clip,CLIP ViT-B/16,42,CGMacros-034,30,15.697487069398454,15.627622003369554,-0.06986506602889975,11.639313777527109,11.550665630824993,-0.08864814670211629
clip,CLIP ViT-B/16,42,CGMacros-034,60,19.855751907362706,19.382816664732083,-0.4729352426306228,16.326143662314003,15.84525416637862,-0.4808894959353829
clip,CLIP ViT-B/16,42,CGMacros-034,90,22.667980749432722,21.93896642372951,-0.7290143257032113,19.736985249250317,18.884468330264234,-0.8525169189860833
clip,CLIP ViT-B/16,42,CGMacros-034,120,24.766754327493764,23.944753643597984,-0.8220006838957801,21.807755900194994,20.728324486569132,-1.079431413625862
clip,CLIP ViT-B/16,42,CGMacros-039,15,19.70709535198244,19.64729928367913,-0.05979606830331008,14.587424870925974,14.645369609033526,0.05794473810755285
clip,CLIP ViT-B/16,42,CGMacros-039,30,33.23020919815697,33.25371900948684,0.02350981132986618,24.532725602306808,24.630451944028408,0.09772634172160011
clip,CLIP ViT-B/16,42,CGMacros-039,60,55.3173582997845,55.721884774653475,0.4045264748689732,40.40376567351344,40.7246302778285,0.32086460431506225
clip,CLIP ViT-B/16,42,CGMacros-039,90,70.35801192244016,71.21028938296128,0.8522774605211225,51.50916092634325,52.20904624874019,0.6998853223969377
clip,CLIP ViT-B/16,42,CGMacros-039,120,80.49782028796044,81.56523642513821,1.0674161371777728,60.36026339119136,61.23234635968716,0.8720829684958034
clip,CLIP ViT-B/16,49,CGMacros-008,15,11.436861760686144,11.508174994888757,0.07131323420261282,7.842111181376988,7.925955809500067,0.08384462812307891
clip,CLIP ViT-B/16,49,CGMacros-008,30,17.97370127482142,18.16000021996565,0.1862989451442303,11.905795544438824,12.0511389511234,0.14534340668457624
clip,CLIP ViT-B/16,49,CGMacros-008,60,26.071794613879938,26.325907365226524,0.25411275134658595,17.888310590354635,18.04439935373582,0.1560887633811845
clip,CLIP ViT-B/16,49,CGMacros-008,90,30.539010035271616,30.65596549911873,0.11695546384711264,22.556836135069542,22.481618089202048,-0.07521804586749425
clip,CLIP ViT-B/16,49,CGMacros-008,120,32.360475012891094,32.10109137861179,-0.25938363427930256,24.670566747075565,24.27703158941844,-0.39353515765712643
clip,CLIP ViT-B/16,49,CGMacros-014,15,9.606038073619642,9.601970863192516,-0.004067210427125545,6.786690128041186,6.806015724191595,0.019325596150409297
clip,CLIP ViT-B/16,49,CGMacros-014,30,16.046906904048104,16.042354627280204,-0.004552276767899599,10.803977171204117,10.834845566470095,0.030868395265978066
clip,CLIP ViT-B/16,49,CGMacros-014,60,23.632633474295545,23.496925264086745,-0.13570821020880075,15.935354277565544,15.822282075890582,-0.1130722016749619
clip,CLIP ViT-B/16,49,CGMacros-014,90,26.884028953443227,26.44986466937374,-0.4341642840694888,18.44106454336176,17.98804263027365,-0.45302191308811146
clip,CLIP ViT-B/16,49,CGMacros-014,120,28.091564473400467,27.35619546128038,-0.7353690121200884,19.72305489431712,18.995437740984464,-0.7276171533326554
clip,CLIP ViT-B/16,49,CGMacros-019,15,9.078641423888628,9.174494026867505,0.09585260297887643,6.641015932041765,6.760047623179945,0.11903169113818013
clip,CLIP ViT-B/16,49,CGMacros-019,30,14.463878176518845,14.663898040787686,0.20001986426884066,10.2293094774407,10.461354680191548,0.2320452027508484
clip,CLIP ViT-B/16,49,CGMacros-019,60,17.314322147937983,17.768992700287797,0.454670552349814,11.684124861327833,12.27053501676377,0.5864101554359369
clip,CLIP ViT-B/16,49,CGMacros-019,90,18.235487279373963,18.545544396587676,0.310057117213713,12.38079681535189,12.66823037644175,0.28743356108986085
clip,CLIP ViT-B/16,49,CGMacros-019,120,18.52337808397256,18.677812730757246,0.15443464678468644,13.021247623775052,13.031304178795153,0.010056555020101499
clip,CLIP ViT-B/16,49,CGMacros-020,15,12.12943463807326,11.843684161875123,-0.2857504761981371,9.174304476712175,8.938971807878042,-0.23533266883413262
clip,CLIP ViT-B/16,49,CGMacros-020,30,19.759867608057263,19.061670020459964,-0.6981975875972992,14.791305428477308,14.268499692087778,-0.5228057363895307
clip,CLIP ViT-B/16,49,CGMacros-020,60,28.78613632851008,27.79751219875647,-0.9886241297536102,21.398587061920058,20.78392862381279,-0.6146584381072664
clip,CLIP ViT-B/16,49,CGMacros-020,90,34.12098300818934,33.44998427669656,-0.6709987314927801,25.415244225543653,25.024836709160002,-0.39040751638365023
clip,CLIP ViT-B/16,49,CGMacros-020,120,37.344615499466165,37.106433326593155,-0.23818217287301024,28.036004511246368,28.026445241403373,-0.009559269842995377
clip,CLIP ViT-B/16,49,CGMacros-034,15,10.884120651559705,11.342383908206175,0.45826325664646994,7.940807209134521,8.289719238299957,0.3489120291654366
clip,CLIP ViT-B/16,49,CGMacros-034,30,15.777870594585766,16.64662298319251,0.8687523886067456,11.782109087036293,12.386407265194217,0.604298178157924
clip,CLIP ViT-B/16,49,CGMacros-034,60,20.634491600563127,21.315118871859656,0.6806272712965296,17.058864963227762,17.4545098837826,0.3956449205548367
clip,CLIP ViT-B/16,49,CGMacros-034,90,24.26714735452729,24.32200355380977,0.05485619928247942,21.296296051773197,21.16371170310634,-0.13258434866685676
clip,CLIP ViT-B/16,49,CGMacros-034,120,26.751272536626054,26.21009529853034,-0.5411772380957132,23.83126636750306,23.083219161499624,-0.7480472060034344
clip,CLIP ViT-B/16,49,CGMacros-039,15,21.131456795633973,20.53544840264691,-0.5960083929870628,15.439587688958683,15.13062462885889,-0.3089630600997939
clip,CLIP ViT-B/16,49,CGMacros-039,30,34.448265013419984,33.524872139574725,-0.923392873845259,25.203058368556814,24.681379276889874,-0.5216790916669396
clip,CLIP ViT-B/16,49,CGMacros-039,60,55.75471871570571,55.09154365113194,-0.663175064573764,40.011940028702085,39.64286038294879,-0.36907964575329544
clip,CLIP ViT-B/16,49,CGMacros-039,90,70.5106239661927,70.44151458514187,-0.0691093810508221,51.18772640914485,51.290206104223095,0.1024796950782445
clip,CLIP ViT-B/16,49,CGMacros-039,120,79.50667968659819,79.98220459883896,0.47552491224077187,58.92074737917281,59.400721234124575,0.4799738549517656
clip,CLIP ViT-B/16,56,CGMacros-008,15,11.24681567844625,11.249291196230459,0.002475517784208847,7.598629561493968,7.602538428075899,0.003908866581931569
clip,CLIP ViT-B/16,56,CGMacros-008,30,17.611092407894212,17.59704464594535,-0.014047761948862814,11.482961377274899,11.46962674365378,-0.013334633621118641
clip,CLIP ViT-B/16,56,CGMacros-008,60,25.498146746737508,25.46353670447131,-0.03461004226619835,16.909928957742025,16.83872486971816,-0.07120408802386535
clip,CLIP ViT-B/16,56,CGMacros-008,90,29.39261356882955,29.725314923014107,0.3327013541845574,20.626585480667238,20.683162660719354,0.056577180052116205
clip,CLIP ViT-B/16,56,CGMacros-008,120,30.461020087841067,31.05144417969257,0.5904240918515029,22.15951253053549,22.38297175752464,0.22345922698914933
clip,CLIP ViT-B/16,56,CGMacros-014,15,9.34991986074105,9.328119291875218,-0.021800568865831593,6.383023266884652,6.356388364892703,-0.026634901991949178
clip,CLIP ViT-B/16,56,CGMacros-014,30,15.906455957290142,15.80663032286693,-0.0998256344232118,10.603762377247543,10.507119402210852,-0.09664297503669061
clip,CLIP ViT-B/16,56,CGMacros-014,60,23.80099187636212,23.552734984707914,-0.24825689165420428,15.919626380807049,15.708638192929019,-0.21098818787802998
clip,CLIP ViT-B/16,56,CGMacros-014,90,27.173315858193266,26.927875759699493,-0.24544009849377346,18.401279779816193,18.138275740695192,-0.26300403912100023
clip,CLIP ViT-B/16,56,CGMacros-014,120,28.06396662940865,27.866526339380858,-0.1974402900277923,19.36608427297546,19.09343860020841,-0.2726456727670481
clip,CLIP ViT-B/16,56,CGMacros-019,15,8.909434358232888,8.897003771100167,-0.012430587132721271,6.207930483487593,6.205652383026475,-0.0022781004611180933
clip,CLIP ViT-B/16,56,CGMacros-019,30,14.395782740609114,14.391083083919296,-0.004699656689817644,10.054003837911823,10.094540896929324,0.04053705901750071
clip,CLIP ViT-B/16,56,CGMacros-019,60,17.69150560821937,17.890634041757114,0.19912843353774434,12.053045604330833,12.338619210315617,0.28557360598478354
clip,CLIP ViT-B/16,56,CGMacros-019,90,18.746644936289957,18.987040878073202,0.24039594178324464,12.672605545299401,12.881725542570127,0.20911999727072583
clip,CLIP ViT-B/16,56,CGMacros-019,120,18.903875089955687,18.939059010955194,0.035183920999507734,13.01849593121617,12.981964875476535,-0.03653105573963522
clip,CLIP ViT-B/16,56,CGMacros-020,15,11.570185030863788,11.564881939755288,-0.005303091108499913,8.554180948344976,8.546608453166677,-0.007572495178299832
clip,CLIP ViT-B/16,56,CGMacros-020,30,19.41311302726001,19.195760716945482,-0.21735231031452784,14.460971059697107,14.309822698678945,-0.1511483610181621
clip,CLIP ViT-B/16,56,CGMacros-020,60,29.228249346795344,28.653548980362675,-0.5747003664326691,21.928315506738453,21.591908699859815,-0.3364068068786388
clip,CLIP ViT-B/16,56,CGMacros-020,90,35.87611006576119,35.08839532345004,-0.7877147423111523,26.88025910135017,26.3925260596052,-0.48773304174497056
clip,CLIP ViT-B/16,56,CGMacros-020,120,39.69221658213371,38.9725657360597,-0.7196508460740105,29.973464607654417,29.587871222051415,-0.38559338560300205
clip,CLIP ViT-B/16,56,CGMacros-034,15,10.476792297449794,10.41612172491232,-0.06067057253747343,7.417707117999958,7.357282987570326,-0.06042413042963268
clip,CLIP ViT-B/16,56,CGMacros-034,30,14.910723226410065,15.005912891918307,0.09518966550824182,10.75276448758305,10.789872971586838,0.03710848400378808
clip,CLIP ViT-B/16,56,CGMacros-034,60,18.138747651012693,18.43499438602836,0.2962467350156679,14.486805356340573,14.613274896707566,0.1264695403669922
clip,CLIP ViT-B/16,56,CGMacros-034,90,20.448154545063034,20.995851823604426,0.547697278541392,17.552377215757474,17.920859280387727,0.36848206463025335
clip,CLIP ViT-B/16,56,CGMacros-034,120,22.579490706548224,23.04685104508494,0.46736033853671444,19.67802020746532,20.070246978270003,0.39222677080468316
clip,CLIP ViT-B/16,56,CGMacros-039,15,18.165815419435074,18.214720926825255,0.04890550739018096,13.431801354481047,13.49457856511792,0.06277721063687203
clip,CLIP ViT-B/16,56,CGMacros-039,30,31.900630995579576,31.834196173760535,-0.06643482181904048,23.49652278454514,23.505108169650608,0.008585385105469356
clip,CLIP ViT-B/16,56,CGMacros-039,60,54.731568977060434,54.548067054605134,-0.1835019224552994,40.19677905825486,40.1691120795971,-0.027666978657762797
clip,CLIP ViT-B/16,56,CGMacros-039,90,71.83526625451539,71.50241204382937,-0.3328542106860226,53.39254303357291,53.2236201967941,-0.1689228367788118
clip,CLIP ViT-B/16,56,CGMacros-039,120,82.35560045664997,82.04485581466423,-0.31074464198573537,62.578567487865584,62.314177193946,-0.2643902939195826
clip,CLIP ViT-B/16,63,CGMacros-008,15,11.238795209150346,11.23946523954077,0.0006700303904239036,7.5808800057743895,7.596723739005557,0.01584373323116761
clip,CLIP ViT-B/16,63,CGMacros-008,30,17.83354400877288,17.840151721512733,0.006607712739853611,11.690148901090325,11.684149219595671,-0.005999681494653686
clip,CLIP ViT-B/16,63,CGMacros-008,60,25.872534435092714,25.96138466218942,0.08885022709670665,17.401157034295583,17.420200789063625,0.019043754768041765
clip,CLIP ViT-B/16,63,CGMacros-008,90,29.805688769227704,30.127319048772414,0.3216302795447099,21.42343400963473,21.515613323436252,0.09217931380152322
clip,CLIP ViT-B/16,63,CGMacros-008,120,30.884266460702545,31.373121057270552,0.48885459656800734,22.996028199108384,23.187005924863993,0.19097772575560867
clip,CLIP ViT-B/16,63,CGMacros-014,15,9.436782529133794,9.404032880279885,-0.0327496488539083,6.427604328689664,6.393837894547252,-0.03376643414241176
clip,CLIP ViT-B/16,63,CGMacros-014,30,15.945410405615632,15.838978147197276,-0.1064322584183568,10.553860587463971,10.45241432134017,-0.10144626612380137
clip,CLIP ViT-B/16,63,CGMacros-014,60,23.760569777720704,23.62628781947014,-0.13428195825056477,15.884699521980476,15.796251046176547,-0.08844847580392923
clip,CLIP ViT-B/16,63,CGMacros-014,90,26.924429664970823,26.797758326234497,-0.12667133873632608,18.231641646762153,18.036161766304048,-0.19547988045810527
clip,CLIP ViT-B/16,63,CGMacros-014,120,27.841423274596988,27.728419778079733,-0.11300349651725483,19.275280809716385,19.022000132809993,-0.25328067690639244
clip,CLIP ViT-B/16,63,CGMacros-019,15,8.848244985742088,8.86497575760586,0.01673077186377192,6.171598295044518,6.188451061481354,0.016852766436835864
clip,CLIP ViT-B/16,63,CGMacros-019,30,14.225441611625685,14.320873679336703,0.09543206771101787,9.759934305566793,9.882197649093065,0.12226334352627255
clip,CLIP ViT-B/16,63,CGMacros-019,60,17.373683671593987,17.85277477287925,0.4790911012852632,11.670097783730842,12.22873590761653,0.5586381238856877
clip,CLIP ViT-B/16,63,CGMacros-019,90,18.27968917876171,18.77216299073301,0.4924738119712977,12.343421785895991,12.813496721961517,0.47007493606552586
clip,CLIP ViT-B/16,63,CGMacros-019,120,18.356675417662633,18.608348163791014,0.2516727461283814,12.787463774406492,12.94875844868997,0.16129467428347866
clip,CLIP ViT-B/16,63,CGMacros-020,15,11.424740280134438,11.344501136397428,-0.08023914373701047,8.391096828502233,8.332744103765412,-0.05835272473682096
clip,CLIP ViT-B/16,63,CGMacros-020,30,18.949673243962998,18.60928873375178,-0.3403845102112193,14.005477894095845,13.773741745061212,-0.23173614903463324
clip,CLIP ViT-B/16,63,CGMacros-020,60,28.646074634975363,27.70426678860706,-0.9418078463683024,21.313216818499434,20.7486354705901,-0.5645813479093356
clip,CLIP ViT-B/16,63,CGMacros-020,90,34.564181305974714,33.58174121108349,-0.9824400948912242,25.735230035899956,25.1699065648597,-0.565323471040255
clip,CLIP ViT-B/16,63,CGMacros-020,120,38.448965020817546,37.56997149614798,-0.8789935246695677,28.82171746535042,28.43391901499818,-0.38779845035223914
clip,CLIP ViT-B/16,63,CGMacros-034,15,10.523698103592045,10.498718234675021,-0.02497986891702375,7.509512598577506,7.458478870825615,-0.05103372775189108
clip,CLIP ViT-B/16,63,CGMacros-034,30,15.426881445138363,15.446946738310482,0.02006529317211836,11.352117330717368,11.322184452588846,-0.029932878128521523
clip,CLIP ViT-B/16,63,CGMacros-034,60,18.885249914759456,19.25548787509276,0.3702379603333057,15.380029778857587,15.515973017406854,0.1359432385492667
clip,CLIP ViT-B/16,63,CGMacros-034,90,21.56564197969731,21.917422844351126,0.351780864653815,18.67330458282267,18.78279422783699,0.10948964501432101
clip,CLIP ViT-B/16,63,CGMacros-034,120,23.713545440469655,23.944554715752474,0.231009275282819,20.818112037926632,20.89286959598694,0.07475755806030904
clip,CLIP ViT-B/16,63,CGMacros-039,15,18.051845187368055,17.976135365146774,-0.07570982222128109,12.956439228425449,12.963229947399773,0.00679071897432415
clip,CLIP ViT-B/16,63,CGMacros-039,30,31.442378830687176,31.347971000488545,-0.0944078301986302,22.694698697231946,22.726688548828072,0.03198985159612633
clip,CLIP ViT-B/16,63,CGMacros-039,60,54.50717761085682,54.19356375662399,-0.31361385423283394,39.30235803663007,39.25912044620774,-0.04323759042232922
clip,CLIP ViT-B/16,63,CGMacros-039,90,70.31721801287608,70.09816777043653,-0.2190502424395504,51.48105847306019,51.52482818295001,0.04376970988982265
clip,CLIP ViT-B/16,63,CGMacros-039,120,80.94355563778885,80.81025843381646,-0.13329720397238987,60.82801091748064,60.816450875032075,-0.0115600424485649
clip,CLIP ViT-B/16,70,CGMacros-008,15,11.552748198435614,11.587261819327725,0.03451362089211152,7.810974931809599,7.854637808618155,0.04366287680855585
clip,CLIP ViT-B/16,70,CGMacros-008,30,18.03063928149478,18.115454677329755,0.08481539583497621,11.805152830247536,11.852341862295889,0.047189032048352786
clip,CLIP ViT-B/16,70,CGMacros-008,60,25.712766838161414,25.951732942381753,0.2389661042203386,17.312777777869606,17.442223386556538,0.12944560868693245
clip,CLIP ViT-B/16,70,CGMacros-008,90,29.63685938896101,30.095162153562377,0.4583027646013669,21.121689529503353,21.249603647768613,0.12791411826525945
clip,CLIP ViT-B/16,70,CGMacros-008,120,30.54117730691918,31.001818528801994,0.4606412218828133,22.553623779085882,22.656842908693147,0.10321912960726465
clip,CLIP ViT-B/16,70,CGMacros-014,15,9.634197774127133,9.60588866434185,-0.028309109785283226,6.649117743781793,6.61662850006575,-0.03248924371604289
clip,CLIP ViT-B/16,70,CGMacros-014,30,16.125075298974267,16.046911737488717,-0.07816356148554959,10.714245278698826,10.656621652657881,-0.05762362604094484
clip,CLIP ViT-B/16,70,CGMacros-014,60,23.79138539300673,23.659619007037453,-0.1317663859692786,15.91934452453948,15.880363479668572,-0.0389810448709067
clip,CLIP ViT-B/16,70,CGMacros-014,90,26.95259762426117,26.743272174172738,-0.20932545008843206,18.205906750385438,18.02832364331428,-0.17758310707115754
clip,CLIP ViT-B/16,70,CGMacros-014,120,27.818485336053897,27.526112026390077,-0.29237330966381947,19.22867478570857,18.97615210579307,-0.2525226799155007
clip,CLIP ViT-B/16,70,CGMacros-019,15,9.176198676956925,9.217380503713144,0.04118182675621895,6.552692587415864,6.606792495958908,0.05409990854304425
clip,CLIP ViT-B/16,70,CGMacros-019,30,14.299096337446743,14.468388184728711,0.16929184728196844,9.888879709012672,10.085235658243212,0.19635594923054
clip,CLIP ViT-B/16,70,CGMacros-019,60,17.367816878689712,17.948367719989847,0.5805508413001341,11.749892478645657,12.433403054803478,0.6835105761578202
clip,CLIP ViT-B/16,70,CGMacros-019,90,18.435767489769933,18.99955563901169,0.5637881492417556,12.327005667770111,12.900402903413841,0.5733972356437302
clip,CLIP ViT-B/16,70,CGMacros-019,120,18.61089462059921,18.934663381168008,0.32376876056879667,12.821113112810139,13.051433972319105,0.23032085950896608
clip,CLIP ViT-B/16,70,CGMacros-020,15,11.899162728175652,11.712041215405772,-0.18712151276987932,8.89848951655116,8.74689396948674,-0.1515955470644208
clip,CLIP ViT-B/16,70,CGMacros-020,30,19.490108339550076,18.838329853283266,-0.6517784862668101,14.482042026121627,14.011802107562431,-0.4702399185591961
clip,CLIP ViT-B/16,70,CGMacros-020,60,29.372635152961283,28.04288453495021,-1.3297506180110723,21.913316141738534,21.12140028081397,-0.7919158609245649
clip,CLIP ViT-B/16,70,CGMacros-020,90,35.66625328117698,34.41715332256554,-1.2490999586114384,26.604052609564487,25.874416794429507,-0.72963581513498
clip,CLIP ViT-B/16,70,CGMacros-020,120,39.181921025113205,38.20509599151595,-0.9768250335972581,29.428067402516938,28.971157530073143,-0.456909872443795
clip,CLIP ViT-B/16,70,CGMacros-034,15,10.692227996299064,10.900419553789686,0.2081915574906219,7.619744774311573,7.7603052910141415,0.14056051670256853
clip,CLIP ViT-B/16,70,CGMacros-034,30,15.301470438232943,15.889450226424552,0.5879797881916087,11.22670984855516,11.589959423574973,0.3632495750198128
clip,CLIP ViT-B/16,70,CGMacros-034,60,18.7572590858503,19.752998282044693,0.9957391961943927,15.344286707630966,15.978351485189979,0.6340647775590131
clip,CLIP ViT-B/16,70,CGMacros-034,90,21.106970826474328,21.919561458129703,0.8125906316553753,18.23773511994927,18.77808683432725,0.5403517143779801
clip,CLIP ViT-B/16,70,CGMacros-034,120,23.31809858686807,23.738912205716623,0.42081361884855184,20.393598890938463,20.67797192906753,0.28437303812906833
clip,CLIP ViT-B/16,70,CGMacros-039,15,19.075531465289064,18.696126428414328,-0.37940503687473637,13.909607821966935,13.730665501055158,-0.17894232091177642
clip,CLIP ViT-B/16,70,CGMacros-039,30,32.113196174734725,31.377870415006054,-0.7353257597286706,23.246479352069134,22.867478568326163,-0.3790007837429705
clip,CLIP ViT-B/16,70,CGMacros-039,60,54.79119727870351,53.7593447724984,-1.0318525062051052,39.508862023728504,38.92831769008155,-0.5805443336469551
clip,CLIP ViT-B/16,70,CGMacros-039,90,71.10863087154509,70.34459635486623,-0.764034516678862,52.190672370914776,51.7236568678921,-0.46701550302267236
clip,CLIP ViT-B/16,70,CGMacros-039,120,81.14601226046982,80.72164252270541,-0.42436973776440823,61.01110247617156,60.693488763139776,-0.31761371303178265
dinov2,DINOv2 ViT-B/14,7,CGMacros-008,15,11.15286468609188,11.12946308694051,-0.02340159915137008,7.560261005235356,7.524682357537534,-0.03557864769782171
dinov2,DINOv2 ViT-B/14,7,CGMacros-008,30,17.63428809237882,17.544165462393018,-0.09012262998580312,11.58690719299868,11.472741711814303,-0.11416548118437753
dinov2,DINOv2 ViT-B/14,7,CGMacros-008,60,25.44952804928005,25.148439038218648,-0.3010890110614035,17.25980404578141,16.98437531667554,-0.27542872910587235
dinov2,DINOv2 ViT-B/14,7,CGMacros-008,90,29.774376840293538,29.41081926074742,-0.3635575795461179,21.740706880600513,21.41064777781742,-0.3300591027830926
dinov2,DINOv2 ViT-B/14,7,CGMacros-008,120,31.12933620617435,30.753775789802283,-0.3755604163720676,23.671248700653926,23.329816128640466,-0.3414325720134599
dinov2,DINOv2 ViT-B/14,7,CGMacros-014,15,9.297347648534902,9.27381175216256,-0.023535896372342435,6.33814470665101,6.3075530788162615,-0.03059162783474889
dinov2,DINOv2 ViT-B/14,7,CGMacros-014,30,15.784362230506623,15.735698349673665,-0.04866388083295803,10.514814336106832,10.411017528393627,-0.10379680771320565
dinov2,DINOv2 ViT-B/14,7,CGMacros-014,60,23.329561647959135,23.259961874868438,-0.06959977309069743,15.6930569751615,15.478553017200616,-0.2145039579608845
dinov2,DINOv2 ViT-B/14,7,CGMacros-014,90,26.49820870604136,26.45749623105051,-0.04071247499085118,18.02124519852497,17.77069145139555,-0.2505537471294197
dinov2,DINOv2 ViT-B/14,7,CGMacros-014,120,27.310064030258303,27.26754677865315,-0.04251725160515463,18.997318172423643,18.72151059326547,-0.27580757915817244
dinov2,DINOv2 ViT-B/14,7,CGMacros-019,15,8.8486141913375,8.77893384177615,-0.0696803495613505,6.152094756378168,6.0837171931497425,-0.06837756322842559
dinov2,DINOv2 ViT-B/14,7,CGMacros-019,30,14.353955045124298,14.255811417721702,-0.09814362740259597,9.982827905125767,9.896489518817424,-0.08633838630834312
dinov2,DINOv2 ViT-B/14,7,CGMacros-019,60,17.407517534289067,17.308424868219014,-0.09909266607005307,11.877843963091518,11.787050705820928,-0.09079325727059029
dinov2,DINOv2 ViT-B/14,7,CGMacros-019,90,18.20789442391187,18.219244063533022,0.011349639621151653,12.334259396808783,12.302900787161919,-0.031358609646863655
dinov2,DINOv2 ViT-B/14,7,CGMacros-019,120,18.40552576945689,18.517403386610106,0.11187761715321543,12.795488583450458,12.830706418861622,0.035217835411163634
dinov2,DINOv2 ViT-B/14,7,CGMacros-020,15,11.456915664987873,11.554026084224063,0.09711041923618957,8.410850203281987,8.4993661421225,0.0885159388405139
dinov2,DINOv2 ViT-B/14,7,CGMacros-020,30,19.149844625712397,19.272238911019844,0.12239428530744689,14.211228363543349,14.320537798614186,0.10930943507083768
dinov2,DINOv2 ViT-B/14,7,CGMacros-020,60,29.102975796193522,29.09352692088355,-0.009448875309971072,21.671460918863872,21.681363292239524,0.009902373375652473
dinov2,DINOv2 ViT-B/14,7,CGMacros-020,90,35.27286257588995,35.17740525491185,-0.095457320978106,26.26976835113216,26.258088973351175,-0.011679377780986044
dinov2,DINOv2 ViT-B/14,7,CGMacros-020,120,39.12971509427097,39.06061588790966,-0.06909920636130806,29.35490292188926,29.355795151750435,0.000892229861175764
dinov2,DINOv2 ViT-B/14,7,CGMacros-034,15,10.680785375874516,10.47248561190743,-0.20829976396708538,7.564509482269557,7.407465175948427,-0.1570443063211302
dinov2,DINOv2 ViT-B/14,7,CGMacros-034,30,15.72929801872241,15.277690552092114,-0.4516074666302963,11.46888456010154,11.12331324437939,-0.3455713157221503
dinov2,DINOv2 ViT-B/14,7,CGMacros-034,60,20.024033810552634,19.39647096055844,-0.6275628499941952,16.266500173459008,15.71515840629687,-0.5513417671621372
dinov2,DINOv2 ViT-B/14,7,CGMacros-034,90,23.161733031779658,22.662260527680473,-0.49947250409918453,20.191325101783146,19.649128771852048,-0.5421963299310981
dinov2,DINOv2 ViT-B/14,7,CGMacros-034,120,26.121964814350655,25.735519471198526,-0.3864453431521291,23.167771818798272,22.73206167764575,-0.4357101411525228
dinov2,DINOv2 ViT-B/14,7,CGMacros-039,15,19.4987050155585,19.671460046288715,0.17275503073021525,14.056790536632773,14.198439453529787,0.14164891689701342
dinov2,DINOv2 ViT-B/14,7,CGMacros-039,30,32.92655825808388,33.173927990816935,0.24736973273305551,24.159619006861547,24.40436005260449,0.2447410457429413
dinov2,DINOv2 ViT-B/14,7,CGMacros-039,60,56.46017969002505,56.69860775149772,0.2384280614726677,41.54953991512522,41.90646208209167,0.35692216696644863
dinov2,DINOv2 ViT-B/14,7,CGMacros-039,90,72.86470742679724,73.05284541231372,0.18813798551647665,54.27940580150446,54.64095256325033,0.3615467617458705
dinov2,DINOv2 ViT-B/14,7,CGMacros-039,120,83.26963273795323,83.43844212055386,0.16880938260062806,63.42919084563497,63.75082676521535,0.3216359195803804
dinov2,DINOv2 ViT-B/14,14,CGMacros-008,15,11.286222010937209,11.273991526922499,-0.01223048401470983,7.7016214930372735,7.709412305869186,0.007790812831912852
dinov2,DINOv2 ViT-B/14,14,CGMacros-008,30,17.568177484670738,17.54545490958546,-0.022722575085278862,11.522561419093586,11.529761565545753,0.007200146452166933
dinov2,DINOv2 ViT-B/14,14,CGMacros-008,60,25.488290920853327,25.65693602207922,0.16864510122589138,16.97274272206055,17.03115646302045,0.05841374095990304
dinov2,DINOv2 ViT-B/14,14,CGMacros-008,90,29.475927755575736,30.071744716941744,0.5958169613660083,20.778354023620604,21.01385442723042,0.23550040360981583
dinov2,DINOv2 ViT-B/14,14,CGMacros-008,120,30.784850698530462,31.743501716778326,0.9586510182478634,22.475435459824208,22.942259906448637,0.4668244466244289
dinov2,DINOv2 ViT-B/14,14,CGMacros-014,15,9.527603295578285,9.514801759728776,-0.012801535849508383,6.663547880952849,6.660127797846296,-0.0034200831065529513
dinov2,DINOv2 ViT-B/14,14,CGMacros-014,30,15.967414740969993,15.949682906826496,-0.017731834143496883,10.805789663797562,10.818753800564727,0.012964136767164902
dinov2,DINOv2 ViT-B/14,14,CGMacros-014,60,23.80972692002384,23.88521599195531,0.07548907193146803,16.08114450104567,16.218992522258034,0.1378480212123634
dinov2,DINOv2 ViT-B/14,14,CGMacros-014,90,27.091867644717777,27.27977472883215,0.18790708411437507,18.331451925163858,18.487753234998358,0.1563013098345003
dinov2,DINOv2 ViT-B/14,14,CGMacros-014,120,28.057841637128284,28.277004408530022,0.2191627714017379,19.400220180209246,19.601642149254566,0.20142196904532028
dinov2,DINOv2 ViT-B/14,14,CGMacros-019,15,8.926022428359746,8.91392367679079,-0.012098751568956345,6.417336683601261,6.423453736790291,0.006117053189030663
dinov2,DINOv2 ViT-B/14,14,CGMacros-019,30,14.211675855004005,14.254087047974883,0.04241119297087792,10.036884494104557,10.11240837282423,0.07552387871967348
dinov2,DINOv2 ViT-B/14,14,CGMacros-019,60,17.6179836560906,17.90570463901474,0.2877209829241387,12.083090342582182,12.401433368775253,0.3183430261930713
dinov2,DINOv2 ViT-B/14,14,CGMacros-019,90,18.636314654424787,19.02850966009499,0.39219500567020305,12.569441968244133,12.87935087252346,0.30990890427932705
dinov2,DINOv2 ViT-B/14,14,CGMacros-019,120,18.819741649016812,19.158327520433264,0.338585871416452,12.930597232114309,13.175946476260794,0.2453492441464853
dinov2,DINOv2 ViT-B/14,14,CGMacros-020,15,11.950115789448708,11.751218375560436,-0.19889741388827176,8.96622677596972,8.81356397248244,-0.15266280348727967
dinov2,DINOv2 ViT-B/14,14,CGMacros-020,30,19.97409276627322,19.3394639630088,-0.6346288032644196,14.993465370070277,14.545151676491026,-0.44831369357925155
dinov2,DINOv2 ViT-B/14,14,CGMacros-020,60,29.518105212607303,28.372265580599468,-1.145839632007835,22.1229856770137,21.413545026492585,-0.7094406505211133
dinov2,DINOv2 ViT-B/14,14,CGMacros-020,90,35.45604904643936,34.437946461687616,-1.0181025847517446,26.51717595186566,25.93616835715617,-0.5810075947094901
dinov2,DINOv2 ViT-B/14,14,CGMacros-020,120,39.22566043446753,38.44366390549239,-0.7819965289751352,29.57245931068824,29.141648590066836,-0.43081072062140535
dinov2,DINOv2 ViT-B/14,14,CGMacros-034,15,10.600006366144559,10.689933109548305,0.08992674340374585,7.678179164043889,7.750510424847933,0.07233126080404428
dinov2,DINOv2 ViT-B/14,14,CGMacros-034,30,15.042477784947605,15.379938611468289,0.3374608265206831,10.977307449075205,11.213857188173497,0.23654973909829202
dinov2,DINOv2 ViT-B/14,14,CGMacros-034,60,18.260893211639377,18.898915861702186,0.6380226500628083,14.728293890130796,15.180281938935357,0.45198804880456045
dinov2,DINOv2 ViT-B/14,14,CGMacros-034,90,20.63158325681404,21.301286787023137,0.6697035302090981,17.731630171297688,18.292839865373512,0.5612096940758242
dinov2,DINOv2 ViT-B/14,14,CGMacros-034,120,22.9372198044404,23.467695433005407,0.5304756285650072,20.0428749265638,20.631892717192954,0.5890177906291534
dinov2,DINOv2 ViT-B/14,14,CGMacros-039,15,19.670681464798115,19.495118483792723,-0.1755629810053918,14.362913640297851,14.252403947268075,-0.1105096930297762
dinov2,DINOv2 ViT-B/14,14,CGMacros-039,30,33.23342760800217,32.70407858968956,-0.5293490183126082,24.912814700594947,24.575593373004857,-0.3372213275900897
dinov2,DINOv2 ViT-B/14,14,CGMacros-039,60,55.60475803214192,54.695309424199316,-0.9094486079426076,40.89007862022371,40.30050137883791,-0.589577241385804
dinov2,DINOv2 ViT-B/14,14,CGMacros-039,90,71.26871152920198,70.41040143406718,-0.8583100951347973,52.80265576567136,52.1754891104806,-0.6271666551907629
dinov2,DINOv2 ViT-B/14,14,CGMacros-039,120,81.22734656822169,80.44567796245798,-0.7816686057637128,61.280326048335866,60.567504205771,-0.712821842564864
dinov2,DINOv2 ViT-B/14,21,CGMacros-008,15,11.118271970709117,11.118620452064418,0.00034848135530118896,7.561903312771586,7.578748203767528,0.016844890995942663
dinov2,DINOv2 ViT-B/14,21,CGMacros-008,30,17.537160490386245,17.53402226181775,-0.003138228568495549,11.501398447182702,11.498244338586902,-0.003154108595799343
dinov2,DINOv2 ViT-B/14,21,CGMacros-008,60,25.899591673718756,25.90404042451177,0.004448750793013545,17.666862061664606,17.643826881410686,-0.023035180253920373
dinov2,DINOv2 ViT-B/14,21,CGMacros-008,90,30.40650903119514,30.420930907513235,0.014421876318095883,22.438863381246104,22.400855156485743,-0.03800822476036103
dinov2,DINOv2 ViT-B/14,21,CGMacros-008,120,32.241799247192716,32.08102294277707,-0.1607763044156485,25.032578539618523,24.859051859659342,-0.17352667995918125
dinov2,DINOv2 ViT-B/14,21,CGMacros-014,15,9.429654729953011,9.411856642191516,-0.01779808776149494,6.596275384467724,6.597928191392551,0.001652806924827388
dinov2,DINOv2 ViT-B/14,21,CGMacros-014,30,15.799614356321843,15.794966145815934,-0.004648210505909134,10.591708267655424,10.58245532385438,-0.009252943801044466
dinov2,DINOv2 ViT-B/14,21,CGMacros-014,60,23.457956971277245,23.42681967968543,-0.031137291591814886,15.740011040848415,15.690159473018696,-0.049851567829719556
dinov2,DINOv2 ViT-B/14,21,CGMacros-014,90,26.745287059235306,26.65944336304221,-0.08584369619309484,18.282750594540953,18.14674016750661,-0.13601042703434274
dinov2,DINOv2 ViT-B/14,21,CGMacros-014,120,27.73634306315498,27.515145634488164,-0.2211974286668159,19.57385570226201,19.309147203871827,-0.2647084983901813
dinov2,DINOv2 ViT-B/14,21,CGMacros-019,15,9.070315007345256,9.072177519806106,0.0018625124608497856,6.555788760483042,6.571381375745081,0.015592615262039367
dinov2,DINOv2 ViT-B/14,21,CGMacros-019,30,14.310520188950017,14.302469512052282,-0.008050676897735087,10.036419806762574,10.032626686798906,-0.0037931199636673796
dinov2,DINOv2 ViT-B/14,21,CGMacros-019,60,17.455208756006886,17.449445022415386,-0.005763733591500397,11.816921508559528,11.832539890380637,0.01561838182110975
dinov2,DINOv2 ViT-B/14,21,CGMacros-019,90,18.269483322717896,18.280707596716116,0.011224273998220013,12.467311113793155,12.465260194947048,-0.002050918846107308
dinov2,DINOv2 ViT-B/14,21,CGMacros-019,120,18.32018842990674,18.319772943412428,-0.00041548649431177864,13.137132316842974,13.084203022115295,-0.05292929472767938
dinov2,DINOv2 ViT-B/14,21,CGMacros-020,15,11.984101066020802,11.86380603958978,-0.12029502643102141,8.962581606526387,8.863895247297929,-0.09868635922845748
dinov2,DINOv2 ViT-B/14,21,CGMacros-020,30,19.503709549849486,19.38507525985272,-0.11863428999676628,14.511132644410878,14.420513330240642,-0.09061931417023672
dinov2,DINOv2 ViT-B/14,21,CGMacros-020,60,28.63566319158373,28.41876137723305,-0.21690181435068112,21.305619465518337,21.165897385205398,-0.1397220803129393
dinov2,DINOv2 ViT-B/14,21,CGMacros-020,90,34.17011917737324,33.98856691567292,-0.18155226170031824,25.388123128479204,25.27463801403802,-0.11348511444118614
dinov2,DINOv2 ViT-B/14,21,CGMacros-020,120,37.37931950999663,37.34463128764071,-0.03468822235591773,27.962869112941558,27.94717737587522,-0.015691737066337197
dinov2,DINOv2 ViT-B/14,21,CGMacros-034,15,10.400833497990684,10.579811394156142,0.178977896165458,7.408141350377385,7.540230699231304,0.13208934885391876
dinov2,DINOv2 ViT-B/14,21,CGMacros-034,30,15.599516679614371,15.760807482453691,0.16129080283931962,11.336189291025248,11.44717759944575,0.11098830842050234
dinov2,DINOv2 ViT-B/14,21,CGMacros-034,60,20.177855954599906,20.365112162333567,0.18725620773366103,16.507672834436313,16.628571740352406,0.12089890591609276
dinov2,DINOv2 ViT-B/14,21,CGMacros-034,90,23.71772092718857,23.81394420095817,0.09622327376959916,20.702750177519572,20.794242199306655,0.09149202178708293
dinov2,DINOv2 ViT-B/14,21,CGMacros-034,120,27.178775177802823,27.025782788865676,-0.15299238893714673,24.24449981579259,24.10068811495971,-0.14381170083288097
dinov2,DINOv2 ViT-B/14,21,CGMacros-039,15,19.73741600497389,19.517755261378827,-0.21966074359506393,14.66533930891913,14.512614919098759,-0.15272438982037073
dinov2,DINOv2 ViT-B/14,21,CGMacros-039,30,32.98690716216183,32.83056602928116,-0.15634113288066942,24.458169203992778,24.357861112612294,-0.10030809138048369
dinov2,DINOv2 ViT-B/14,21,CGMacros-039,60,55.27214834335682,55.1042535247548,-0.16789481860201505,40.37289226835158,40.24701012654309,-0.12588214180848922
dinov2,DINOv2 ViT-B/14,21,CGMacros-039,90,70.60782686108084,70.50599598209382,-0.10183087898701615,51.87565491613234,51.83053764569372,-0.04511727043862379
dinov2,DINOv2 ViT-B/14,21,CGMacros-039,120,80.10856537644896,80.19648280357595,0.0879174271269818,59.878056765835,59.968218378586265,0.09016161275126677
dinov2,DINOv2 ViT-B/14,28,CGMacros-008,15,11.38508648665354,11.372465078658697,-0.01262140799484257,7.735356054591807,7.7197940766185225,-0.015561977973284513
dinov2,DINOv2 ViT-B/14,28,CGMacros-008,30,18.109922571084407,18.117230787438782,0.007308216354374508,11.942148496349395,11.927634404084895,-0.014514092264500178
dinov2,DINOv2 ViT-B/14,28,CGMacros-008,60,26.360331409402594,26.278460447425978,-0.08187096197661603,18.266781526809925,18.185786222787975,-0.08099530402195043
dinov2,DINOv2 ViT-B/14,28,CGMacros-008,90,30.682689730428034,30.584333771204477,-0.09835595922355722,23.015891380780058,22.90718056467287,-0.10871081610718747
dinov2,DINOv2 ViT-B/14,28,CGMacros-008,120,32.038218759909554,31.94233186917937,-0.09588689073018486,24.958539309745266,24.829772852959852,-0.12876645678541365
dinov2,DINOv2 ViT-B/14,28,CGMacros-014,15,9.390003383074518,9.363578217052003,-0.026425166022514546,6.317200470433649,6.289151303917468,-0.0280491665161815
dinov2,DINOv2 ViT-B/14,28,CGMacros-014,30,16.01700797291863,15.987790867229513,-0.029217105689117062,10.440081635601231,10.397330790486539,-0.04275084511469274
dinov2,DINOv2 ViT-B/14,28,CGMacros-014,60,23.795216840213662,23.746942253010374,-0.04827458720328792,16.04017829092127,15.93023112990826,-0.10994716101300916
dinov2,DINOv2 ViT-B/14,28,CGMacros-014,90,26.936718411985282,26.90607196098244,-0.030646451002841246,18.596553686753335,18.436869638226312,-0.15968404852702278
dinov2,DINOv2 ViT-B/14,28,CGMacros-014,120,27.795882469571,27.769400298871552,-0.026482170699448915,19.700496450900204,19.555469870533692,-0.14502658036651184
dinov2,DINOv2 ViT-B/14,28,CGMacros-019,15,8.763900634328404,8.713515559086225,-0.050385075242179056,5.9471210732611635,5.895622920483305,-0.05149815277785841
dinov2,DINOv2 ViT-B/14,28,CGMacros-019,30,14.243569917719544,14.23491093305693,-0.008658984662613278,9.553582123550392,9.553333400362158,-0.00024872318823376816
dinov2,DINOv2 ViT-B/14,28,CGMacros-019,60,17.330459014807484,17.407693904760812,0.07723488995332772,11.653005235507331,11.714172894273903,0.061167658766571265
dinov2,DINOv2 ViT-B/14,28,CGMacros-019,90,18.173084200932067,18.356707053999767,0.18362285306769977,12.645522609697501,12.739801092348245,0.09427848265074346
dinov2,DINOv2 ViT-B/14,28,CGMacros-019,120,18.342642507212954,18.596858065574057,0.25421555836110343,13.285476088282573,13.418077325037766,0.13260123675519253
dinov2,DINOv2 ViT-B/14,28,CGMacros-020,15,11.139738074654973,11.151874400667374,0.012136326012401,8.081358893429762,8.092916115587839,0.011557222158076641
dinov2,DINOv2 ViT-B/14,28,CGMacros-020,30,18.527317598249514,18.3460652797507,-0.18125231849881374,13.519033122408961,13.397229583594203,-0.12180353881475803
dinov2,DINOv2 ViT-B/14,28,CGMacros-020,60,27.812376973298544,27.386579806792806,-0.4257971665057383,20.610254635533302,20.364749402200015,-0.24550523333328655
dinov2,DINOv2 ViT-B/14,28,CGMacros-020,90,33.45303812303512,33.0507279435611,-0.40231017947402137,24.792837749920853,24.662396822770965,-0.13044092714988764
dinov2,DINOv2 ViT-B/14,28,CGMacros-020,120,37.033913047157384,36.75598948478098,-0.2779235623764009,27.605989107965488,27.57277726837874,-0.033211839586748226
dinov2,DINOv2 ViT-B/14,28,CGMacros-034,15,11.007456987099975,10.96165391315117,-0.045803073948803785,7.91273669362672,7.86544619106732,-0.04729050255940059
dinov2,DINOv2 ViT-B/14,28,CGMacros-034,30,16.027791632380026,16.143711764838528,0.11592013245850197,11.882709842472549,11.942301097719763,0.05959125524721465
dinov2,DINOv2 ViT-B/14,28,CGMacros-034,60,20.555210220110034,20.49803624769614,-0.057173972413892216,16.958327097564645,16.868887634847987,-0.08943946271665837
dinov2,DINOv2 ViT-B/14,28,CGMacros-034,90,24.065262548492363,23.930459432958475,-0.13480311553388802,21.099847794889914,20.897720883684055,-0.20212691120585902
dinov2,DINOv2 ViT-B/14,28,CGMacros-034,120,26.558605768155847,26.338991296182144,-0.21961447197370276,23.582134281344977,23.300034516351744,-0.28209976499323375
dinov2,DINOv2 ViT-B/14,28,CGMacros-039,15,18.262412476516953,18.319631162411454,0.057218685894500965,12.968064311523076,13.012621602661769,0.04455729113869289
dinov2,DINOv2 ViT-B/14,28,CGMacros-039,30,31.19050681491105,31.08029046734259,-0.11021634756846055,21.928027401260106,21.857284267110803,-0.07074313414930344
dinov2,DINOv2 ViT-B/14,28,CGMacros-039,60,54.05902201403407,53.945629971003,-0.11339204303106953,38.12733165131827,38.0206963314537,-0.10663531986457286
dinov2,DINOv2 ViT-B/14,28,CGMacros-039,90,69.88590689926505,69.81881345339276,-0.06709344587228827,50.37848706176441,50.333833290960285,-0.044653770804124804
dinov2,DINOv2 ViT-B/14,28,CGMacros-039,120,80.58755313644028,80.54067984865992,-0.04687328778035749,59.82092406148247,59.744559121210955,-0.07636494027151741
dinov2,DINOv2 ViT-B/14,35,CGMacros-008,15,11.34591269965949,11.348823226476474,0.002910526816984671,7.696754411517818,7.693465083470709,-0.00328932804710913
dinov2,DINOv2 ViT-B/14,35,CGMacros-008,30,17.7062517918024,17.74012504314954,0.03387325134713848,11.620369429175575,11.663513440253594,0.04314401107801835
dinov2,DINOv2 ViT-B/14,35,CGMacros-008,60,25.683297406902692,25.874503449006188,0.19120604210349512,17.188094777812022,17.273506586082057,0.08541180827003458
dinov2,DINOv2 ViT-B/14,35,CGMacros-008,90,29.554531181481668,29.858259210612825,0.3037280291311575,20.936035245640042,21.051712458996274,0.11567721335623204
dinov2,DINOv2 ViT-B/14,35,CGMacros-008,120,30.705305019908714,31.007207937920196,0.30190291801148206,22.487487452996472,22.58760538712843,0.10011793413195846
dinov2,DINOv2 ViT-B/14,35,CGMacros-014,15,9.51588614274447,9.503328977190193,-0.012557165554277105,6.56461810537938,6.553471634933042,-0.011146470446337986
dinov2,DINOv2 ViT-B/14,35,CGMacros-014,30,16.001688279704855,15.990391325436075,-0.011296954268779302,10.65227167755056,10.675090803993568,0.02281912644300732
dinov2,DINOv2 ViT-B/14,35,CGMacros-014,60,23.819180140270785,23.89518702222972,0.07600688195893568,15.968823452295048,16.102549948036522,0.13372649574147388
dinov2,DINOv2 ViT-B/14,35,CGMacros-014,90,27.091330943168348,27.159240803880984,0.0679098607126356,18.364690000545217,18.415129763032873,0.050439762487656026
dinov2,DINOv2 ViT-B/14,35,CGMacros-014,120,28.047662086710734,28.01130055092023,-0.03636153579050472,19.406296076341466,19.36631284707449,-0.039983229266976394
dinov2,DINOv2 ViT-B/14,35,CGMacros-019,15,8.97943547120162,8.977494828390835,-0.0019406428107853202,6.360968991960005,6.34399686645535,-0.016972125504655544
dinov2,DINOv2 ViT-B/14,35,CGMacros-019,30,14.123250307253974,14.17942718833462,0.05617688108064556,9.793376102097875,9.865151192987815,0.07177509088993972
dinov2,DINOv2 ViT-B/14,35,CGMacros-019,60,17.346642677937005,17.54129627864438,0.19465360070737603,11.771279588554595,12.062918512614408,0.2916389240598125
dinov2,DINOv2 ViT-B/14,35,CGMacros-019,90,18.415835171735427,18.55841683164197,0.14258165990654348,12.369668813004335,12.538916326737338,0.16924751373300317
dinov2,DINOv2 ViT-B/14,35,CGMacros-019,120,18.663069859221217,18.61054487292271,-0.05252498629850777,12.816737027096035,12.754968223384902,-0.06176880371113391
dinov2,DINOv2 ViT-B/14,35,CGMacros-020,15,11.731352131566075,11.725355846878072,-0.005996284688002618,8.690942133985729,8.689356853887196,-0.0015852800985332038
dinov2,DINOv2 ViT-B/14,35,CGMacros-020,30,19.682833960188315,19.32822637031586,-0.35460758987245455,14.672643942402336,14.425671550886896,-0.24697239151544004
dinov2,DINOv2 ViT-B/14,35,CGMacros-020,60,29.568182742394203,28.85628584903243,-0.7118968933617715,22.132436031574063,21.75534075071407,-0.37709528085999366
dinov2,DINOv2 ViT-B/14,35,CGMacros-020,90,35.25833432475578,34.64746563787183,-0.610868686883947,26.379625365938644,26.08816661848534,-0.291458747453305
dinov2,DINOv2 ViT-B/14,35,CGMacros-020,120,39.2841877678531,38.88434271690678,-0.3998450509463183,29.57668610115133,29.358057816004127,-0.21862828514720434
dinov2,DINOv2 ViT-B/14,35,CGMacros-034,15,10.645125706566837,10.685069871020604,0.03994416445376636,7.6419290584138855,7.66103717380814,0.019108115394254277
dinov2,DINOv2 ViT-B/14,35,CGMacros-034,30,15.406085120109948,15.905555347844631,0.4994702277346832,11.461672603276803,11.811326798886986,0.3496541956101833
dinov2,DINOv2 ViT-B/14,35,CGMacros-034,60,18.737111203638534,19.54577873107045,0.8086675274319148,15.20991060578904,15.798539891198546,0.5886292854095068
dinov2,DINOv2 ViT-B/14,35,CGMacros-034,90,21.005832817432797,21.63279208843581,0.6269592710030132,18.055559291119852,18.58662524418546,0.5310659530656068
dinov2,DINOv2 ViT-B/14,35,CGMacros-034,120,22.981254127610267,23.31212295796102,0.3308688303507523,20.10540447326353,20.45882716922754,0.3534226959640101
dinov2,DINOv2 ViT-B/14,35,CGMacros-039,15,19.00582557318997,18.89721676897294,-0.10860880421703101,13.736927353627324,13.701095135867893,-0.03583221775943102
dinov2,DINOv2 ViT-B/14,35,CGMacros-039,30,32.33785421907267,31.744088940373096,-0.5937652786995713,23.522931963183783,23.18271447432366,-0.34021748886012304
dinov2,DINOv2 ViT-B/14,35,CGMacros-039,60,55.59141654479851,54.636427298487845,-0.9549892463106673,40.32299286437847,39.65943396654332,-0.6635588978351521
dinov2,DINOv2 ViT-B/14,35,CGMacros-039,90,70.50394717705797,69.65447688202772,-0.849470295030244,51.5159928068131,50.84040109078991,-0.6755917160231917
dinov2,DINOv2 ViT-B/14,35,CGMacros-039,120,81.2431827127971,80.60234569654965,-0.6408370162474455,61.04681187507125,60.45794796532438,-0.5888639097468698
dinov2,DINOv2 ViT-B/14,42,CGMacros-008,15,11.347090123897502,11.34355838242122,-0.00353174147628188,7.821646655255215,7.82885163909921,0.007204983843995372
dinov2,DINOv2 ViT-B/14,42,CGMacros-008,30,17.636679083802147,17.657045060314246,0.020365976512099593,11.649235959409332,11.678218785628063,0.028982826218731716
dinov2,DINOv2 ViT-B/14,42,CGMacros-008,60,25.498154991083297,25.624392398254415,0.12623740717111787,17.488225210113285,17.510667905586008,0.022442695472722818
dinov2,DINOv2 ViT-B/14,42,CGMacros-008,90,29.79105670485179,30.14563356922405,0.3545768643722589,21.89424671158606,22.06558753371001,0.1713408221239483
dinov2,DINOv2 ViT-B/14,42,CGMacros-008,120,31.353554219059042,31.827997286676247,0.4744430676172051,23.921820782962953,24.16347815700627,0.24165737404331722
dinov2,DINOv2 ViT-B/14,42,CGMacros-014,15,9.492705883581433,9.45353827464092,-0.03916760894051308,6.623845748500938,6.598115493929461,-0.02573025457147704
dinov2,DINOv2 ViT-B/14,42,CGMacros-014,30,15.726316602884149,15.634273686715051,-0.09204291616909721,10.473817304782099,10.412010046919688,-0.06180725786241048
dinov2,DINOv2 ViT-B/14,42,CGMacros-014,60,23.304016574051317,23.19236340564876,-0.11165316840255812,15.674801161095377,15.591606884646383,-0.08319427644899413
dinov2,DINOv2 ViT-B/14,42,CGMacros-014,90,26.610109201067754,26.587031300952717,-0.02307790011503741,18.147764851380217,18.06505767262666,-0.08270717875355516
dinov2,DINOv2 ViT-B/14,42,CGMacros-014,120,27.67138759489115,27.642354586815358,-0.029033008075792566,19.332864423287152,19.192776684043203,-0.14008773924394902
dinov2,DINOv2 ViT-B/14,42,CGMacros-019,15,8.818065131065143,8.805314483458751,-0.012750647606392107,6.312089888429331,6.301681345544884,-0.010408542884447591
dinov2,DINOv2 ViT-B/14,42,CGMacros-019,30,13.997690176275983,14.000870812333654,0.003180636057670938,9.612541997082491,9.606624670300645,-0.005917326781846199
dinov2,DINOv2 ViT-B/14,42,CGMacros-019,60,17.158484789199406,17.24547368036852,0.08698889116911346,11.570692460560412,11.68075357727607,0.11006111671565755
dinov2,DINOv2 ViT-B/14,42,CGMacros-019,90,18.091243419121422,18.20884632510875,0.11760290598732581,12.38584127179833,12.435907342720926,0.050066070922595074
dinov2,DINOv2 ViT-B/14,42,CGMacros-019,120,18.33507504255119,18.447061980347243,0.11198693779605406,13.122105224147234,13.165885488651808,0.04378026450457462
dinov2,DINOv2 ViT-B/14,42,CGMacros-020,15,11.909863033417931,11.80379824656506,-0.1060647868528708,8.931519462692686,8.850797302192579,-0.08072216050010717
dinov2,DINOv2 ViT-B/14,42,CGMacros-020,30,19.460064200153916,18.994179189152742,-0.4658850110011734,14.41604171429012,14.078017266141217,-0.33802444814890364
dinov2,DINOv2 ViT-B/14,42,CGMacros-020,60,28.860932547018578,27.952793396219597,-0.9081391507989807,21.390165751778213,20.792324034439673,-0.5978417173385395
dinov2,DINOv2 ViT-B/14,42,CGMacros-020,90,34.13853910292971,33.212275035713375,-0.9262640672163371,25.270304481206015,24.718161517690195,-0.5521429635158199
dinov2,DINOv2 ViT-B/14,42,CGMacros-020,120,37.67598471461014,36.88187696508197,-0.7941077495281661,28.110290704848037,27.63697861469628,-0.473312090151758
dinov2,DINOv2 ViT-B/14,42,CGMacros-034,15,10.946217262934997,11.038447510194864,0.09223024725986662,8.038136453404935,8.097451177245626,0.05931472384069103
dinov2,DINOv2 ViT-B/14,42,CGMacros-034,30,15.697487069398454,16.09386264233972,0.396375572941265,11.639313777527109,11.914563873611833,0.27525009608472395
dinov2,DINOv2 ViT-B/14,42,CGMacros-034,60,19.855751907362706,20.473139919288474,0.6173880119257689,16.326143662314003,16.746446732231114,0.42030306991711086
dinov2,DINOv2 ViT-B/14,42,CGMacros-034,90,22.667980749432722,23.23616278388949,0.5681820344567683,19.736985249250317,20.17261413444276,0.43562888519244325
dinov2,DINOv2 ViT-B/14,42,CGMacros-034,120,24.766754327493764,25.12911116649437,0.3623568390006042,21.807755900194994,22.189211009239873,0.3814551090448788
dinov2,DINOv2 ViT-B/14,42,CGMacros-039,15,19.70709535198244,19.482133621403182,-0.22496173057925617,14.587424870925974,14.475271701389847,-0.11215316953612664
dinov2,DINOv2 ViT-B/14,42,CGMacros-039,30,33.23020919815697,32.60382270303511,-0.6263864951218636,24.532725602306808,24.17381563830028,-0.3589099640065285
dinov2,DINOv2 ViT-B/14,42,CGMacros-039,60,55.3173582997845,54.39268056200318,-0.9246777377813231,40.40376567351344,39.78840813425261,-0.6153575392608275
dinov2,DINOv2 ViT-B/14,42,CGMacros-039,90,70.35801192244016,69.47330033671665,-0.8847115857235082,51.50916092634325,50.84845232840025,-0.6607085979429996
dinov2,DINOv2 ViT-B/14,42,CGMacros-039,120,80.49782028796044,79.78811301492962,-0.7097072730308156,60.36026339119136,59.75102765196789,-0.6092357392234717
dinov2,DINOv2 ViT-B/14,49,CGMacros-008,15,11.436861760686144,11.426712766922817,-0.010148993763326786,7.842111181376988,7.840959470441379,-0.0011517109356091737
dinov2,DINOv2 ViT-B/14,49,CGMacros-008,30,17.97370127482142,17.97682872294628,0.0031274481248608765,11.905795544438824,11.913685521512784,0.007889977073959997
dinov2,DINOv2 ViT-B/14,49,CGMacros-008,60,26.071794613879938,26.02534675045925,-0.04644786342068841,17.888310590354635,17.79230362212126,-0.09600696823337529
dinov2,DINOv2 ViT-B/14,49,CGMacros-008,90,30.539010035271616,30.452353269140055,-0.08665676613156137,22.556836135069542,22.39066561886535,-0.16617051620419332
dinov2,DINOv2 ViT-B/14,49,CGMacros-008,120,32.360475012891094,32.17640979252682,-0.18406522036427475,24.670566747075565,24.401591002320018,-0.2689757447555472
dinov2,DINOv2 ViT-B/14,49,CGMacros-014,15,9.606038073619642,9.592504259468967,-0.013533814150674672,6.786690128041186,6.781470678372942,-0.005219449668243392
dinov2,DINOv2 ViT-B/14,49,CGMacros-014,30,16.046906904048104,16.039101171314766,-0.007805732733338289,10.803977171204117,10.819162542002735,0.01518537079861737
dinov2,DINOv2 ViT-B/14,49,CGMacros-014,60,23.632633474295545,23.653529054651045,0.020895580355499987,15.935354277565544,15.91940554436156,-0.01594873320398449
dinov2,DINOv2 ViT-B/14,49,CGMacros-014,90,26.884028953443227,26.897840997182506,0.013812043739278579,18.44106454336176,18.342037301003735,-0.09902724235802651
dinov2,DINOv2 ViT-B/14,49,CGMacros-014,120,28.091564473400467,28.039800455127732,-0.0517640182727348,19.72305489431712,19.5254227280119,-0.19763216630521896
dinov2,DINOv2 ViT-B/14,49,CGMacros-019,15,9.078641423888628,9.07469037893444,-0.003951044954188632,6.641015932041765,6.64515217220032,0.004136240158555182
dinov2,DINOv2 ViT-B/14,49,CGMacros-019,30,14.463878176518845,14.47849444588082,0.014616269361974688,10.2293094774407,10.271286073477999,0.04197659603729953
dinov2,DINOv2 ViT-B/14,49,CGMacros-019,60,17.314322147937983,17.295345798040056,-0.01897634989792607,11.684124861327833,11.715259221353506,0.031134360025673047
dinov2,DINOv2 ViT-B/14,49,CGMacros-019,90,18.235487279373963,18.17894839723144,-0.05653888214252234,12.38079681535189,12.281551080662748,-0.09924573468914133
dinov2,DINOv2 ViT-B/14,49,CGMacros-019,120,18.52337808397256,18.53089551651235,0.007517432539788871,13.021247623775052,12.961794937813332,-0.05945268596171971
dinov2,DINOv2 ViT-B/14,49,CGMacros-020,15,12.12943463807326,12.06024490266268,-0.06918973541058016,9.174304476712175,9.1193708967345,-0.054933579977674896
dinov2,DINOv2 ViT-B/14,49,CGMacros-020,30,19.759867608057263,19.461507439479753,-0.2983601685775099,14.791305428477308,14.569123141549719,-0.22218228692758935
dinov2,DINOv2 ViT-B/14,49,CGMacros-020,60,28.78613632851008,28.38097229230994,-0.4051640362001372,21.398587061920058,21.143873525867132,-0.25471353605292535
dinov2,DINOv2 ViT-B/14,49,CGMacros-020,90,34.12098300818934,33.813936305524926,-0.30704670266441525,25.415244225543653,25.229468602814453,-0.18577562272919934
dinov2,DINOv2 ViT-B/14,49,CGMacros-020,120,37.344615499466165,37.20111426179698,-0.14350123766918443,28.036004511246368,27.935791111843674,-0.10021339940269414
dinov2,DINOv2 ViT-B/14,49,CGMacros-034,15,10.884120651559705,10.941953039912793,0.057832388353087794,7.940807209134521,7.982218983643398,0.041411774508877564
dinov2,DINOv2 ViT-B/14,49,CGMacros-034,30,15.777870594585766,16.083078310945606,0.3052077163598401,11.782109087036293,11.98678891381852,0.20467982678222718
dinov2,DINOv2 ViT-B/14,49,CGMacros-034,60,20.634491600563127,20.66999953212987,0.03550793156674459,17.058864963227762,17.01698615865124,-0.041878804576523265
dinov2,DINOv2 ViT-B/14,49,CGMacros-034,90,24.26714735452729,24.027731079891606,-0.23941627463568338,21.296296051773197,21.03683657961506,-0.259459472158138
dinov2,DINOv2 ViT-B/14,49,CGMacros-034,120,26.751272536626054,26.3299177545043,-0.42135478212175315,23.83126636750306,23.384455112289174,-0.4468112552138841
dinov2,DINOv2 ViT-B/14,49,CGMacros-039,15,21.131456795633973,21.017575281520163,-0.11388151411381031,15.439587688958683,15.379458213060543,-0.06012947589814033
dinov2,DINOv2 ViT-B/14,49,CGMacros-039,30,34.448265013419984,34.04060121758827,-0.4076637958317164,25.203058368556814,24.961276110301306,-0.24178225825550825
dinov2,DINOv2 ViT-B/14,49,CGMacros-039,60,55.75471871570571,55.41363776424937,-0.341080951456334,40.011940028702085,39.84877559015648,-0.16316443854560703
dinov2,DINOv2 ViT-B/14,49,CGMacros-039,90,70.5106239661927,70.34079231151689,-0.16983165467580363,51.18772640914485,51.15475116890944,-0.032975240235408876
dinov2,DINOv2 ViT-B/14,49,CGMacros-039,120,79.50667968659819,79.50042655447608,-0.006253132122111538,58.92074737917281,58.9489847480465,0.02823736887368966
dinov2,DINOv2 ViT-B/14,56,CGMacros-008,15,11.24681567844625,11.259591218921267,0.012775540475017166,7.598629561493968,7.606991725203052,0.008362163709084491
dinov2,DINOv2 ViT-B/14,56,CGMacros-008,30,17.611092407894212,17.633015129445933,0.02192272155172148,11.482961377274899,11.478682516479948,-0.0042788607949511
dinov2,DINOv2 ViT-B/14,56,CGMacros-008,60,25.498146746737508,25.613274442957543,0.1151276962200356,16.909928957742025,16.86894134626925,-0.04098761147277585
dinov2,DINOv2 ViT-B/14,56,CGMacros-008,90,29.39261356882955,29.897592012820162,0.5049784439906126,20.626585480667238,20.760278741580766,0.13369326091352818
dinov2,DINOv2 ViT-B/14,56,CGMacros-008,120,30.461020087841067,31.205346519802678,0.7443264319616105,22.15951253053549,22.452208287050418,0.2926957565149273
dinov2,DINOv2 ViT-B/14,56,CGMacros-014,15,9.34991986074105,9.33113650238551,-0.018783358355539903,6.383023266884652,6.367099722319186,-0.01592354456546552
dinov2,DINOv2 ViT-B/14,56,CGMacros-014,30,15.906455957290142,15.8881912272676,-0.018264730022542253,10.603762377247543,10.58832564660138,-0.015436730646163355
dinov2,DINOv2 ViT-B/14,56,CGMacros-014,60,23.80099187636212,24.07369788123413,0.2727060048720098,15.919626380807049,16.06869971346694,0.1490733326598921
dinov2,DINOv2 ViT-B/14,56,CGMacros-014,90,27.173315858193266,27.823983402407027,0.6506675442137606,18.401279779816193,18.76203443490598,0.36075465508978866
dinov2,DINOv2 ViT-B/14,56,CGMacros-014,120,28.06396662940865,28.837868769665636,0.7739021402569861,19.36608427297546,19.726864792917972,0.36078051994251226
dinov2,DINOv2 ViT-B/14,56,CGMacros-019,15,8.909434358232888,8.911753305026847,0.0023189467939594977,6.207930483487593,6.212831223100973,0.004900739613379557
dinov2,DINOv2 ViT-B/14,56,CGMacros-019,30,14.395782740609114,14.437794727065388,0.042011986456273576,10.054003837911823,10.095764504879888,0.0417606669680648
dinov2,DINOv2 ViT-B/14,56,CGMacros-019,60,17.69150560821937,18.063536683799867,0.3720310755804981,12.053045604330833,12.42752090972009,0.37447530538925733
dinov2,DINOv2 ViT-B/14,56,CGMacros-019,90,18.746644936289957,19.359493956702646,0.6128490204126891,12.672605545299401,13.186472920586393,0.513867375286992
dinov2,DINOv2 ViT-B/14,56,CGMacros-019,120,18.903875089955687,19.535356793854625,0.6314817038989382,13.01849593121617,13.571007204586621,0.5525112733704507
dinov2,DINOv2 ViT-B/14,56,CGMacros-020,15,11.570185030863788,11.499377571560318,-0.07080745930347021,8.554180948344976,8.513913187905697,-0.0402677604392796
dinov2,DINOv2 ViT-B/14,56,CGMacros-020,30,19.41311302726001,19.0174041637288,-0.3957088635312118,14.460971059697107,14.179783502797793,-0.2811875568993134
dinov2,DINOv2 ViT-B/14,56,CGMacros-020,60,29.228249346795344,28.346766590599426,-0.8814827561959184,21.928315506738453,21.41056118846351,-0.5177543182749424
dinov2,DINOv2 ViT-B/14,56,CGMacros-020,90,35.87611006576119,34.969642493682876,-0.9064675720783129,26.88025910135017,26.497028442581982,-0.38323065876818774
dinov2,DINOv2 ViT-B/14,56,CGMacros-020,120,39.69221658213371,39.066089287967785,-0.6261272941659257,29.973464607654417,29.76597893352262,-0.20748567413179586
dinov2,DINOv2 ViT-B/14,56,CGMacros-034,15,10.476792297449794,10.613133342922128,0.13634104547233328,7.417707117999958,7.504886587943363,0.08717946994340497
dinov2,DINOv2 ViT-B/14,56,CGMacros-034,30,14.910723226410065,15.493408335659785,0.5826851092497201,10.75276448758305,11.106850478717064,0.3540859911340135
dinov2,DINOv2 ViT-B/14,56,CGMacros-034,60,18.138747651012693,19.415841713142186,1.2770940621294926,14.486805356340573,15.312754931322075,0.825949574981502
dinov2,DINOv2 ViT-B/14,56,CGMacros-034,90,20.448154545063034,22.13959114515782,1.6914366000947858,17.552377215757474,18.849763926344263,1.297386710586789
dinov2,DINOv2 ViT-B/14,56,CGMacros-034,120,22.579490706548224,24.064438601105497,1.4849478945572727,19.67802020746532,21.079003113360987,1.4009829058956669
dinov2,DINOv2 ViT-B/14,56,CGMacros-039,15,18.165815419435074,17.948472277293945,-0.2173431421411287,13.431801354481047,13.331709642795948,-0.10009171168509923
dinov2,DINOv2 ViT-B/14,56,CGMacros-039,30,31.900630995579576,31.261759119455938,-0.6388718761236376,23.49652278454514,23.1763440170104,-0.3201787675347383
dinov2,DINOv2 ViT-B/14,56,CGMacros-039,60,54.731568977060434,53.53885451134178,-1.1927144657186517,40.19677905825486,39.448747409210455,-0.7480316490444068
dinov2,DINOv2 ViT-B/14,56,CGMacros-039,90,71.83526625451539,70.40712317798052,-1.428143076534866,53.39254303357291,52.316131562823685,-1.0764114707492283
dinov2,DINOv2 ViT-B/14,56,CGMacros-039,120,82.35560045664997,81.01091048699278,-1.344689969657182,62.578567487865584,61.34051462050435,-1.2380528673612332
dinov2,DINOv2 ViT-B/14,63,CGMacros-008,15,11.238795209150346,11.217474867215394,-0.02132034193495258,7.5808800057743895,7.560515549096299,-0.020364456678090725
dinov2,DINOv2 ViT-B/14,63,CGMacros-008,30,17.83354400877288,17.726304819198308,-0.10723918957457101,11.690148901090325,11.58777812875128,-0.10237077233904479
dinov2,DINOv2 ViT-B/14,63,CGMacros-008,60,25.872534435092714,25.488418283110992,-0.384116151981722,17.401157034295583,17.108257384441437,-0.29289964985414585
dinov2,DINOv2 ViT-B/14,63,CGMacros-008,90,29.805688769227704,29.33322179071874,-0.47246697850896524,21.42343400963473,21.071763066731023,-0.3516709429037057
dinov2,DINOv2 ViT-B/14,63,CGMacros-008,120,30.884266460702545,30.38448635860583,-0.49978010209671453,22.996028199108384,22.575372699789554,-0.42065549931882984
dinov2,DINOv2 ViT-B/14,63,CGMacros-014,15,9.436782529133794,9.404414175979019,-0.03236835315477471,6.427604328689664,6.398632970431572,-0.02897135825809194
dinov2,DINOv2 ViT-B/14,63,CGMacros-014,30,15.945410405615632,15.81980003915579,-0.12561036645984203,10.553860587463971,10.449193185774156,-0.10466740168981481
dinov2,DINOv2 ViT-B/14,63,CGMacros-014,60,23.760569777720704,23.532349807325982,-0.22821997039472208,15.884699521980476,15.709903692689846,-0.17479582929063042
dinov2,DINOv2 ViT-B/14,63,CGMacros-014,90,26.924429664970823,26.743525173464743,-0.18090449150608023,18.231641646762153,18.017851335670922,-0.21379031109123048
dinov2,DINOv2 ViT-B/14,63,CGMacros-014,120,27.841423274596988,27.72441366373783,-0.11700961085915651,19.275280809716385,19.0439851179204,-0.2312956917959852
dinov2,DINOv2 ViT-B/14,63,CGMacros-019,15,8.848244985742088,8.821932821097537,-0.026312164644551217,6.171598295044518,6.1470526308120785,-0.024545664232439535
dinov2,DINOv2 ViT-B/14,63,CGMacros-019,30,14.225441611625685,14.123278337555098,-0.10216327407058756,9.759934305566793,9.680562667233534,-0.07937163833325833
dinov2,DINOv2 ViT-B/14,63,CGMacros-019,60,17.373683671593987,17.22551725081205,-0.1481664207819371,11.670097783730842,11.584530867346944,-0.08556691638389857
dinov2,DINOv2 ViT-B/14,63,CGMacros-019,90,18.27968917876171,18.13534792115265,-0.14434125760906014,12.343421785895991,12.178657023928807,-0.16476476196718437
dinov2,DINOv2 ViT-B/14,63,CGMacros-019,120,18.356675417662633,18.337475640921404,-0.01919977674122819,12.787463774406492,12.608825370159243,-0.17863840424724842
dinov2,DINOv2 ViT-B/14,63,CGMacros-020,15,11.424740280134438,11.396771062516892,-0.027969217617545894,8.391096828502233,8.378744957897537,-0.012351870604696558
dinov2,DINOv2 ViT-B/14,63,CGMacros-020,30,18.949673243962998,18.787389691115997,-0.16228355284700058,14.005477894095845,13.911177030330219,-0.09430086376562663
dinov2,DINOv2 ViT-B/14,63,CGMacros-020,60,28.646074634975363,28.14668984852315,-0.4993847864522145,21.313216818499434,21.001194505452407,-0.3120223130470272
dinov2,DINOv2 ViT-B/14,63,CGMacros-020,90,34.564181305974714,34.006602482305055,-0.5575788236696582,25.735230035899956,25.382814131069694,-0.35241590483026286
dinov2,DINOv2 ViT-B/14,63,CGMacros-020,120,38.448965020817546,37.92640795858129,-0.5225570622362596,28.82171746535042,28.445194059703883,-0.3765234056465374
dinov2,DINOv2 ViT-B/14,63,CGMacros-034,15,10.523698103592045,10.485929491299284,-0.037768612292760295,7.509512598577506,7.474381915316889,-0.035130683260616635
dinov2,DINOv2 ViT-B/14,63,CGMacros-034,30,15.426881445138363,15.316405058799118,-0.11047638633924528,11.352117330717368,11.254976502354625,-0.09714082836274329
dinov2,DINOv2 ViT-B/14,63,CGMacros-034,60,18.885249914759456,18.777838516217972,-0.1074113985414833,15.380029778857587,15.23147512493382,-0.14855465392376743
dinov2,DINOv2 ViT-B/14,63,CGMacros-034,90,21.56564197969731,21.48578596614822,-0.07985601354909022,18.67330458282267,18.508301772833228,-0.16500280998944206
dinov2,DINOv2 ViT-B/14,63,CGMacros-034,120,23.713545440469655,23.554881093571602,-0.1586643468980533,20.818112037926632,20.644927453576642,-0.17318458434998973
dinov2,DINOv2 ViT-B/14,63,CGMacros-039,15,18.051845187368055,18.039494002634545,-0.012351184733510934,12.956439228425449,12.950572310527361,-0.005866917898087465
dinov2,DINOv2 ViT-B/14,63,CGMacros-039,30,31.442378830687176,31.38747129314471,-0.05490753754246569,22.694698697231946,22.66820157453278,-0.026497122699165487
dinov2,DINOv2 ViT-B/14,63,CGMacros-039,60,54.50717761085682,54.26945896506777,-0.23771864578905166,39.30235803663007,39.19090723099869,-0.1114508056313781
dinov2,DINOv2 ViT-B/14,63,CGMacros-039,90,70.31721801287608,70.06270915835283,-0.25450885452325167,51.48105847306019,51.37250543679235,-0.10855303626783552
dinov2,DINOv2 ViT-B/14,63,CGMacros-039,120,80.94355563778885,80.70626358767149,-0.237292050117361,60.82801091748064,60.66921728072431,-0.15879363675632874
dinov2,DINOv2 ViT-B/14,70,CGMacros-008,15,11.552748198435614,11.56688541851483,0.014137220079216917,7.810974931809599,7.835032932960453,0.02405800115085377
dinov2,DINOv2 ViT-B/14,70,CGMacros-008,30,18.03063928149478,18.072592580447015,0.04195329895223665,11.805152830247536,11.878175429327127,0.07302259907959119
dinov2,DINOv2 ViT-B/14,70,CGMacros-008,60,25.712766838161414,25.933707238659682,0.22094040049826802,17.312777777869606,17.455302148850706,0.14252437098109993
dinov2,DINOv2 ViT-B/14,70,CGMacros-008,90,29.63685938896101,30.082745742823118,0.4458863538621074,21.121689529503353,21.37524535623943,0.2535558267360756
dinov2,DINOv2 ViT-B/14,70,CGMacros-008,120,30.54117730691918,31.088715201492015,0.5475378945728337,22.553623779085882,22.82044142893113,0.2668176498452475
dinov2,DINOv2 ViT-B/14,70,CGMacros-014,15,9.634197774127133,9.630993512716996,-0.003204261410136411,6.649117743781793,6.661935233225705,0.012817489443912145
dinov2,DINOv2 ViT-B/14,70,CGMacros-014,30,16.125075298974267,16.11438167375884,-0.010693625215427716,10.714245278698826,10.778216616941803,0.06397133824297718
dinov2,DINOv2 ViT-B/14,70,CGMacros-014,60,23.79138539300673,23.767466444845283,-0.023918948161448128,15.91934452453948,16.0769358913405,0.1575913668010216
dinov2,DINOv2 ViT-B/14,70,CGMacros-014,90,26.95259762426117,26.91138622930835,-0.04121139495282122,18.205906750385438,18.295342514081867,0.0894357636964287
dinov2,DINOv2 ViT-B/14,70,CGMacros-014,120,27.818485336053897,27.73158785415077,-0.08689748190312585,19.22867478570857,19.215763446233403,-0.012911339475166983
dinov2,DINOv2 ViT-B/14,70,CGMacros-019,15,9.176198676956925,9.193755739154666,0.017557062197740336,6.552692587415864,6.5827785130306005,0.030085925614736553
dinov2,DINOv2 ViT-B/14,70,CGMacros-019,30,14.299096337446743,14.392523863279143,0.0934275258324,9.888879709012672,10.013968016512685,0.12508830750001287
dinov2,DINOv2 ViT-B/14,70,CGMacros-019,60,17.367816878689712,17.57886066400028,0.21104378531056867,11.749892478645657,12.061956761132114,0.3120642824864568
dinov2,DINOv2 ViT-B/14,70,CGMacros-019,90,18.435767489769933,18.53621307832672,0.10044558855678787,12.327005667770111,12.503958890724611,0.17695322295450033
dinov2,DINOv2 ViT-B/14,70,CGMacros-019,120,18.61089462059921,18.526116330906074,-0.08477828969313705,12.821113112810139,12.732023063871367,-0.08909004893877182
dinov2,DINOv2 ViT-B/14,70,CGMacros-020,15,11.899162728175652,11.818411638535741,-0.08075108963991084,8.89848951655116,8.829176100555307,-0.06931341599585394
dinov2,DINOv2 ViT-B/14,70,CGMacros-020,30,19.490108339550076,19.11577290972966,-0.374335429820416,14.482042026121627,14.20112276875183,-0.2809192573697974
dinov2,DINOv2 ViT-B/14,70,CGMacros-020,60,29.372635152961283,28.496864718416653,-0.8757704345446307,21.913316141738534,21.37571468481901,-0.5376014569195249
dinov2,DINOv2 ViT-B/14,70,CGMacros-020,90,35.66625328117698,34.73134085930879,-0.9349124218681908,26.604052609564487,26.012619082114437,-0.5914335274500502
dinov2,DINOv2 ViT-B/14,70,CGMacros-020,120,39.181921025113205,38.362199973586236,-0.8197210515269688,29.428067402516938,28.836519878194846,-0.5915475243220918
dinov2,DINOv2 ViT-B/14,70,CGMacros-034,15,10.692227996299064,10.888505408269587,0.19627741197052373,7.619744774311573,7.7848328078787485,0.1650880335671756
dinov2,DINOv2 ViT-B/14,70,CGMacros-034,30,15.301470438232943,15.892764239302355,0.591293801069412,11.22670984855516,11.672164926351257,0.4454550777960975
dinov2,DINOv2 ViT-B/14,70,CGMacros-034,60,18.7572590858503,19.702099550907644,0.944840465057343,15.344286707630966,16.092805982543695,0.748519274912729
dinov2,DINOv2 ViT-B/14,70,CGMacros-034,90,21.106970826474328,21.939825216749103,0.8328543902747754,18.23773511994927,18.99959713162065,0.7618620116713792
dinov2,DINOv2 ViT-B/14,70,CGMacros-034,120,23.31809858686807,23.886251068906926,0.5681524820388546,20.393598890938463,21.029046907813818,0.6354480168753547
dinov2,DINOv2 ViT-B/14,70,CGMacros-039,15,19.075531465289064,18.885588465075404,-0.18994300021365973,13.909607821966935,13.801241158099916,-0.10836666386701843
dinov2,DINOv2 ViT-B/14,70,CGMacros-039,30,32.113196174734725,31.533005965458255,-0.5801902092764699,23.246479352069134,22.870567641255583,-0.37591171081355057
dinov2,DINOv2 ViT-B/14,70,CGMacros-039,60,54.79119727870351,53.73708280325841,-1.0541144754450968,39.508862023728504,38.69688557323818,-0.8119764504903273
dinov2,DINOv2 ViT-B/14,70,CGMacros-039,90,71.10863087154509,70.04415377399286,-1.0644770975522277,52.190672370914776,51.29243857231145,-0.8982337986033286
dinov2,DINOv2 ViT-B/14,70,CGMacros-039,120,81.14601226046982,80.22581641366577,-0.9201958468040488,61.01110247617156,60.17309447837467,-0.8380079977968862
